week,day,date,time,home_team,home_xg,score,away_xg,away_team,attendance,venue,referee,match_report,notes,game_id
1,Sat,2020-09-12,21:00,Cádiz,0.7,0–2,0.8,Osasuna,,Estadio Ramón de Carranza,Isidro Díaz de Mera,/en/matches/15d5602e/Cadiz-Osasuna-September-12-2020-La-Liga,,15d5602e
1,Sat,2020-09-12,16:00,Eibar,0.4,0–0,0.6,Celta Vigo,,Estadio Municipal de Ipurúa,Valentín Pizarro,/en/matches/056f7848/Eibar-Celta-Vigo-September-12-2020-La-Liga,,056f7848
1,Sat,2020-09-12,18:30,Granada,0.4,2–0,0.5,Athletic Club,,Estadio Nuevo Los Cármenes,Antonio Matéu Lahoz,/en/matches/083135b8/Granada-Athletic-Club-September-12-2020-La-Liga,,083135b8
1,Sun,2020-09-13,14:00,Alavés,1.2,0–1,0.4,Betis,,Estadio de Mendizorroza,Pablo González,/en/matches/8c3b5490/Alaves-Real-Betis-September-13-2020-La-Liga,,8c3b5490
1,Sun,2020-09-13,21:00,Valencia,1.9,4–2,2.0,Levante,,Estadio de Mestalla,José Sánchez,/en/matches/49d3b582/Valencia-Levante-September-13-2020-La-Liga,,49d3b582
1,Sun,2020-09-13,16:00,Valladolid,0.8,1–1,0.3,Real Sociedad,,Estadio Municipal José Zorrilla,Mario Melero,/en/matches/36e547b6/Valladolid-Real-Sociedad-September-13-2020-La-Liga,,36e547b6
1,Sun,2020-09-13,18:30,Villarreal,2.5,1–1,0.6,Huesca,,Estadio de la Cerámica,Daniel Ask,/en/matches/b9a5d357/Villarreal-Huesca-September-13-2020-La-Liga,,b9a5d357
2,Sat,2020-09-19,21:00,Celta Vigo,2.0,2–1,0.5,Valencia,,Estadio de Balaídos,Jesús Gil,/en/matches/a63e9783/Celta-Vigo-Valencia-September-19-2020-La-Liga,,a63e9783
2,Sat,2020-09-19,18:30,Getafe,0.6,1–0,0.5,Osasuna,,Coliseum Alfonso Pérez,Alejandro Hernández,/en/matches/55e47b9d/Getafe-Osasuna-September-19-2020-La-Liga,,55e47b9d
2,Sat,2020-09-19,16:00,Villarreal,2.7,2–1,1.5,Eibar,,Estadio de la Cerámica,Jorge Figueroa,/en/matches/c9880239/Villarreal-Eibar-September-19-2020-La-Liga,,c9880239
2,Sun,2020-09-20,18:30,Betis,1.6,2–0,0.4,Valladolid,,Estadio Benito Villamarín,Santiago Jaime,/en/matches/c6a6db36/Real-Betis-Valladolid-September-20-2020-La-Liga,,c6a6db36
2,Sun,2020-09-20,18:30,Granada,2.2,2–1,0.7,Alavés,,Estadio Nuevo Los Cármenes,Carlos del Cerro,/en/matches/98b24ea3/Granada-Alaves-September-20-2020-La-Liga,,98b24ea3
2,Sun,2020-09-20,16:00,Huesca,0.3,0–2,1.2,Cádiz,,Estadio El Alcoraz,César Soto,/en/matches/8598db55/Huesca-Cadiz-September-20-2020-La-Liga,,8598db55
2,Sun,2020-09-20,21:00,Real Sociedad,0.6,0–0,0.9,Real Madrid,,Estadio Municipal de Anoeta,Juan Martínez,/en/matches/9ff705c3/Real-Sociedad-Real-Madrid-September-20-2020-La-Liga,,9ff705c3
3,Sat,2020-09-26,13:00,Alavés,1.3,0–0,1.1,Getafe,,Estadio de Mendizorroza,Hsu Jason,/en/matches/0e2e2ec9/Alaves-Getafe-September-26-2020-La-Liga,,0e2e2ec9
3,Sat,2020-09-26,21:00,Betis,1.2,2–3,3.8,Real Madrid,,Estadio Benito Villamarín,Ricardo de Burgos,/en/matches/eca849a3/Real-Betis-Real-Madrid-September-26-2020-La-Liga,,eca849a3
3,Sat,2020-09-26,18:30,Elche,1.0,0–3,3.1,Real Sociedad,,Estadio Manuel Martínez Valero,Isidro Díaz de Mera,/en/matches/970ca4d6/Elche-Real-Sociedad-September-26-2020-La-Liga,,970ca4d6
3,Sat,2020-09-26,16:00,Valencia,0.6,1–1,0.9,Huesca,,Estadio de Mestalla,José Luis Munuera,/en/matches/fecf3cbd/Valencia-Huesca-September-26-2020-La-Liga,,fecf3cbd
3,Sun,2020-09-27,16:00,Atlético Madrid,3.3,6–1,1.6,Granada,,Estadio Wanda Metropolitano,Daniel Ask,/en/matches/5ad39ebe/Atletico-Madrid-Granada-September-27-2020-La-Liga,,5ad39ebe
3,Sun,2020-09-27,21:00,Barcelona,2.6,4–0,0.2,Villarreal,,Camp Nou,Guillermo Cuadra,/en/matches/67e47686/Barcelona-Villarreal-September-27-2020-La-Liga,,67e47686
3,Sun,2020-09-27,18:30,Cádiz,1.1,1–3,2.4,Sevilla,,Estadio Ramón de Carranza,David Medié,/en/matches/d3862248/Cadiz-Sevilla-September-27-2020-La-Liga,,d3862248
3,Sun,2020-09-27,14:00,Eibar,0.6,1–2,0.6,Athletic Club,,Estadio Municipal de Ipurúa,Adrián Cordero,/en/matches/beb62b3e/Eibar-Athletic-Club-September-27-2020-La-Liga,,beb62b3e
3,Sun,2020-09-27,12:00,Osasuna,0.7,1–3,3.1,Levante,,Estadio El Sadar,Mario Melero,/en/matches/3e106d0a/Osasuna-Levante-September-27-2020-La-Liga,,3e106d0a
3,Sun,2020-09-27,18:30,Valladolid,1.5,1–1,1.3,Celta Vigo,,Estadio Municipal José Zorrilla,José Sánchez,/en/matches/45e6c785/Valladolid-Celta-Vigo-September-27-2020-La-Liga,,45e6c785
4,Tue,2020-09-29,21:30,Getafe,0.8,3–0,0.4,Betis,,Coliseum Alfonso Pérez,Juan Martínez,/en/matches/3134d731/Getafe-Real-Betis-September-29-2020-La-Liga,,3134d731
4,Tue,2020-09-29,19:00,Real Sociedad,0.5,0–1,0.9,Valencia,,Estadio Municipal de Anoeta,Jorge Figueroa,/en/matches/543c20ca/Real-Sociedad-Valencia-September-29-2020-La-Liga,,543c20ca
4,Wed,2020-09-30,21:30,Eibar,1.2,0–1,0.4,Elche,,Estadio Municipal de Ipurúa,Santiago Jaime,/en/matches/85fa82a1/Eibar-Elche-September-30-2020-La-Liga,,85fa82a1
4,Wed,2020-09-30,19:00,Huesca,0.9,0–0,1.6,Atlético Madrid,,Estadio El Alcoraz,Adrián Cordero,/en/matches/82839575/Huesca-Atletico-Madrid-September-30-2020-La-Liga,,82839575
4,Wed,2020-09-30,21:30,Real Madrid,2.3,1–0,0.6,Valladolid,,Estadio Alfredo Di Stéfano,César Soto,/en/matches/9d7e2859/Real-Madrid-Valladolid-September-30-2020-La-Liga,,9d7e2859
4,Wed,2020-09-30,19:00,Villarreal,2.3,3–1,1.1,Alavés,,Estadio de la Cerámica,David Medié,/en/matches/0a2446dc/Villarreal-Alaves-September-30-2020-La-Liga,,0a2446dc
4,Thu,2020-10-01,19:00,Athletic Club,0.6,0–1,0.2,Cádiz,,San Mamés,Pablo González,/en/matches/f85d48a3/Athletic-Club-Cadiz-October-1-2020-La-Liga,,f85d48a3
4,Thu,2020-10-01,21:30,Celta Vigo,0.5,0–3,0.7,Barcelona,,Estadio de Balaídos,Carlos del Cerro,/en/matches/9b6cefe1/Celta-Vigo-Barcelona-October-1-2020-La-Liga,,9b6cefe1
4,Thu,2020-10-01,19:00,Sevilla,1.1,1–0,0.2,Levante,,Estadio Ramón Sánchez Pizjuán,Daniel Ask,/en/matches/3dcf270b/Sevilla-Levante-October-1-2020-La-Liga,,3dcf270b
5,Sat,2020-10-03,16:00,Atlético Madrid,0.6,0–0,0.3,Villarreal,,Estadio Wanda Metropolitano,Alejandro Hernández,/en/matches/a86b36da/Atletico-Madrid-Villarreal-October-3-2020-La-Liga,,a86b36da
5,Sat,2020-10-03,18:30,Elche,0.1,0–0,1.6,Huesca,,Estadio Manuel Martínez Valero,Mario Melero,/en/matches/eaf3fb90/Elche-Huesca-October-3-2020-La-Liga,,eaf3fb90
5,Sat,2020-10-03,18:30,Real Sociedad,2.2,3–0,0.3,Getafe,,Estadio Municipal de Anoeta,Antonio Matéu Lahoz,/en/matches/913d2329/Real-Sociedad-Getafe-October-3-2020-La-Liga,,913d2329
5,Sat,2020-10-03,21:00,Valencia,0.5,0–2,2.0,Betis,,Estadio de Mestalla,Guillermo Cuadra,/en/matches/456c15cf/Valencia-Real-Betis-October-3-2020-La-Liga,,456c15cf
5,Sat,2020-10-03,13:00,Valladolid,1.1,1–2,1.7,Eibar,,Estadio Municipal José Zorrilla,Isidro Díaz de Mera,/en/matches/e50b93e5/Valladolid-Eibar-October-3-2020-La-Liga,,e50b93e5
5,Sun,2020-10-04,14:00,Alavés,0.6,1–0,0.6,Athletic Club,,Estadio de Mendizorroza,José Sánchez,/en/matches/02286a68/Alaves-Athletic-Club-October-4-2020-La-Liga,,02286a68
5,Sun,2020-10-04,21:00,Barcelona,1.0,1–1,1.5,Sevilla,,Camp Nou,Jesús Gil,/en/matches/3c20c9a2/Barcelona-Sevilla-October-4-2020-La-Liga,,3c20c9a2
5,Sun,2020-10-04,18:30,Cádiz,1.0,1–1,0.6,Granada,,Estadio Ramón de Carranza,Hsu Jason,/en/matches/7da57e66/Cadiz-Granada-October-4-2020-La-Liga,,7da57e66
5,Sun,2020-10-04,16:00,Levante,0.5,0–2,2.2,Real Madrid,,Estadio Ciudad de Valencia,José Luis Munuera,/en/matches/9364ca86/Levante-Real-Madrid-October-4-2020-La-Liga,,9364ca86
5,Sun,2020-10-04,12:00,Osasuna,1.2,2–0,0.5,Celta Vigo,,Estadio El Sadar,Ricardo de Burgos,/en/matches/ed786021/Osasuna-Celta-Vigo-October-4-2020-La-Liga,,ed786021
6,Sat,2020-10-17,16:00,Celta Vigo,1.9,0–2,1.4,Atlético Madrid,,Estadio de Balaídos,Juan Martínez,/en/matches/2a78c932/Celta-Vigo-Atletico-Madrid-October-17-2020-La-Liga,,2a78c932
6,Sat,2020-10-17,21:00,Getafe,1.6,1–0,0.7,Barcelona,,Coliseum Alfonso Pérez,César Soto,/en/matches/ffc25afd/Getafe-Barcelona-October-17-2020-La-Liga,,ffc25afd
6,Sat,2020-10-17,13:00,Granada,1.3,1–0,0.6,Sevilla,,Estadio Nuevo Los Cármenes,Pablo González,/en/matches/9d291faa/Granada-Sevilla-October-17-2020-La-Liga,,9d291faa
6,Sat,2020-10-17,18:30,Real Madrid,1.0,0–1,1.6,Cádiz,,Estadio Alfredo Di Stéfano,Santiago Jaime,/en/matches/edd4d083/Real-Madrid-Cadiz-October-17-2020-La-Liga,,edd4d083
6,Sun,2020-10-18,18:30,Alavés,1.7,0–2,0.8,Elche,,Estadio de Mendizorroza,Adrián Cordero,/en/matches/d32a8736/Alaves-Elche-October-18-2020-La-Liga,,d32a8736
6,Sun,2020-10-18,14:00,Athletic Club,2.3,2–0,0.3,Levante,,San Mamés,Hsu Jason,/en/matches/0793d671/Athletic-Club-Levante-October-18-2020-La-Liga,,0793d671
6,Sun,2020-10-18,21:00,Betis,0.4,0–3,1.7,Real Sociedad,,Estadio Benito Villamarín,Daniel Ask,/en/matches/4794b1a6/Real-Betis-Real-Sociedad-October-18-2020-La-Liga,,4794b1a6
6,Sun,2020-10-18,12:00,Eibar,0.3,0–0,1.0,Osasuna,,Estadio Municipal de Ipurúa,David Medié,/en/matches/647c55ca/Eibar-Osasuna-October-18-2020-La-Liga,,647c55ca
6,Sun,2020-10-18,18:30,Huesca,1.1,2–2,1.0,Valladolid,,Estadio El Alcoraz,Jorge Figueroa,/en/matches/315c4b8e/Huesca-Valladolid-October-18-2020-La-Liga,,315c4b8e
6,Sun,2020-10-18,16:00,Villarreal,1.5,2–1,0.6,Valencia,,Estadio de la Cerámica,Carlos del Cerro,/en/matches/4aa7eefd/Villarreal-Valencia-October-18-2020-La-Liga,,4aa7eefd
7,Fri,2020-10-23,21:00,Elche,0.1,2–1,1.6,Valencia,,Estadio Manuel Martínez Valero,César Soto,/en/matches/7403c103/Elche-Valencia-October-23-2020-La-Liga,,7403c103
7,Sat,2020-10-24,21:00,Atlético Madrid,1.4,2–0,1.1,Betis,,Estadio Wanda Metropolitano,Antonio Matéu Lahoz,/en/matches/52870eeb/Atletico-Madrid-Real-Betis-October-24-2020-La-Liga,,52870eeb
7,Sat,2020-10-24,16:00,Barcelona,1.8,1–3,3.0,Real Madrid,,Camp Nou,Juan Martínez,/en/matches/9b07dcbc/El-Clasico-Barcelona-Real-Madrid-October-24-2020-La-Liga,,9b07dcbc
7,Sat,2020-10-24,18:30,Osasuna,1.2,1–0,0.7,Athletic Club,,Estadio El Sadar,Guillermo Cuadra,/en/matches/38da970e/Osasuna-Athletic-Club-October-24-2020-La-Liga,,38da970e
7,Sat,2020-10-24,18:30,Sevilla,1.7,0–1,0.2,Eibar,,Estadio Ramón Sánchez Pizjuán,Alejandro Hernández,/en/matches/a536a648/Sevilla-Eibar-October-24-2020-La-Liga,,a536a648
7,Sun,2020-10-25,16:00,Cádiz,0.2,0–0,0.8,Villarreal,,Estadio Ramón de Carranza,Ricardo de Burgos,/en/matches/f1089c9f/Cadiz-Villarreal-October-25-2020-La-Liga,,f1089c9f
7,Sun,2020-10-25,18:30,Getafe,0.9,0–1,1.1,Granada,,Coliseum Alfonso Pérez,Jesús Gil,/en/matches/0b5c2b39/Getafe-Granada-October-25-2020-La-Liga,,0b5c2b39
7,Sun,2020-10-25,21:00,Real Sociedad,2.5,4–1,0.5,Huesca,,Estadio Municipal de Anoeta,Isidro Díaz de Mera,/en/matches/ded16731/Real-Sociedad-Huesca-October-25-2020-La-Liga,,ded16731
7,Sun,2020-10-25,14:00,Valladolid,0.3,0–2,2.5,Alavés,,Estadio Municipal José Zorrilla,José Luis Munuera,/en/matches/606d1bce/Valladolid-Alaves-October-25-2020-La-Liga,,606d1bce
7,Mon,2020-10-26,21:00,Levante,1.2,1–1,0.8,Celta Vigo,,Estadio Ciudad de Valencia,Mario Melero,/en/matches/a3eca3e6/Levante-Celta-Vigo-October-26-2020-La-Liga,,a3eca3e6
8,Fri,2020-10-30,21:00,Eibar,0.5,0–2,1.0,Cádiz,,Estadio Municipal de Ipurúa,Antonio Matéu Lahoz,/en/matches/d9287a79/Eibar-Cadiz-October-30-2020-La-Liga,,d9287a79
8,Sat,2020-10-31,21:00,Alavés,1.2,1–1,1.9,Barcelona,,Estadio de Mendizorroza,Alejandro Hernández,/en/matches/87d962cb/Alaves-Barcelona-October-31-2020-La-Liga,,87d962cb
8,Sat,2020-10-31,16:15,Athletic Club,1.2,2–1,1.1,Sevilla,,San Mamés,Carlos del Cerro,/en/matches/9ac1528e/Athletic-Club-Sevilla-October-31-2020-La-Liga,,9ac1528e
8,Sat,2020-10-31,18:30,Osasuna,1.1,1–3,2.8,Atlético Madrid,,Estadio El Sadar,Daniel Ask,/en/matches/649ad5eb/Osasuna-Atletico-Madrid-October-31-2020-La-Liga,,649ad5eb
8,Sat,2020-10-31,14:00,Real Madrid,2.3,4–1,1.0,Huesca,,Estadio Alfredo Di Stéfano,Pablo González,/en/matches/93673585/Real-Madrid-Huesca-October-31-2020-La-Liga,,93673585
8,Sun,2020-11-01,14:00,Betis,3.2,3–1,0.7,Elche,,Estadio Benito Villamarín,David Medié,/en/matches/61ffbad2/Real-Betis-Elche-November-1-2020-La-Liga,,61ffbad2
8,Sun,2020-11-01,16:00,Celta Vigo,1.6,1–4,2.0,Real Sociedad,,Estadio de Balaídos,Adrián Cordero,/en/matches/9532015b/Celta-Vigo-Real-Sociedad-November-1-2020-La-Liga,,9532015b
8,Sun,2020-11-01,18:30,Granada,0.2,1–1,0.9,Levante,,Estadio Nuevo Los Cármenes,Santiago Jaime,/en/matches/1da39788/Granada-Levante-November-1-2020-La-Liga,,1da39788
8,Sun,2020-11-01,21:00,Valencia,1.4,2–2,2.4,Getafe,,Estadio de Mestalla,Jorge Figueroa,/en/matches/627831a7/Valencia-Getafe-November-1-2020-La-Liga,,627831a7
8,Mon,2020-11-02,21:00,Villarreal,1.8,2–0,0.7,Valladolid,,Estadio de la Cerámica,Hsu Jason,/en/matches/965ae0ee/Villarreal-Valladolid-November-2-2020-La-Liga,,965ae0ee
9,Fri,2020-11-06,21:00,Elche,1.5,1–1,2.1,Celta Vigo,,Estadio Manuel Martínez Valero,Ricardo de Burgos,/en/matches/53c05fc6/Elche-Celta-Vigo-November-6-2020-La-Liga,,53c05fc6
9,Sat,2020-11-07,21:00,Atlético Madrid,2.1,4–0,0.4,Cádiz,,Estadio Wanda Metropolitano,Adrián Cordero,/en/matches/69ba62d3/Atletico-Madrid-Cadiz-November-7-2020-La-Liga,,69ba62d3
9,Sat,2020-11-07,16:15,Barcelona,3.4,5–2,1.1,Betis,,Camp Nou,Guillermo Cuadra,/en/matches/1c5be3e6/Barcelona-Real-Betis-November-7-2020-La-Liga,,1c5be3e6
9,Sat,2020-11-07,14:00,Huesca,2.2,1–1,0.9,Eibar,,Estadio El Alcoraz,Mario Melero,/en/matches/52688e00/Huesca-Eibar-November-7-2020-La-Liga,,52688e00
9,Sat,2020-11-07,18:30,Sevilla,1.1,1–0,0.7,Osasuna,,Estadio Ramón Sánchez Pizjuán,Juan Martínez,/en/matches/3e030894/Sevilla-Osasuna-November-7-2020-La-Liga,,3e030894
9,Sun,2020-11-08,14:00,Getafe,0.7,1–3,2.3,Villarreal,,Coliseum Alfonso Pérez,José Luis Munuera,/en/matches/593d9bb2/Getafe-Villarreal-November-8-2020-La-Liga,,593d9bb2
9,Sun,2020-11-08,18:30,Levante,2.1,1–1,0.8,Alavés,,Estadio Ciudad de Valencia,Isidro Díaz de Mera,/en/matches/f0416d1e/Levante-Alaves-November-8-2020-La-Liga,,f0416d1e
9,Sun,2020-11-08,16:15,Real Sociedad,3.4,2–0,0.8,Granada,,Estadio Municipal de Anoeta,Carlos del Cerro,/en/matches/910d9fc9/Real-Sociedad-Granada-November-8-2020-La-Liga,,910d9fc9
9,Sun,2020-11-08,21:00,Valencia,2.5,4–1,1.3,Real Madrid,,Estadio de Mestalla,Jesús Gil,/en/matches/67626947/Valencia-Real-Madrid-November-8-2020-La-Liga,,67626947
9,Sun,2020-11-08,18:30,Valladolid,2.1,2–1,1.7,Athletic Club,,Estadio Municipal José Zorrilla,César Soto,/en/matches/707d9a5a/Valladolid-Athletic-Club-November-8-2020-La-Liga,,707d9a5a
10,Fri,2020-11-20,21:00,Osasuna,1.0,1–1,0.7,Huesca,,Estadio El Sadar,Valentín Pizarro,/en/matches/052141c9/Osasuna-Huesca-November-20-2020-La-Liga,,052141c9
10,Sat,2020-11-21,21:00,Atlético Madrid,0.5,1–0,0.9,Barcelona,,Estadio Wanda Metropolitano,José Luis Munuera,/en/matches/43512e62/Atletico-Madrid-Barcelona-November-21-2020-La-Liga,,43512e62
10,Sat,2020-11-21,14:00,Levante,0.7,1–1,0.6,Elche,,Estadio Ciudad de Valencia,Jorge Figueroa,/en/matches/e89ce534/Levante-Elche-November-21-2020-La-Liga,,e89ce534
10,Sat,2020-11-21,18:30,Sevilla,2.6,4–2,2.1,Celta Vigo,,Estadio Ramón Sánchez Pizjuán,César Soto,/en/matches/4383501b/Sevilla-Celta-Vigo-November-21-2020-La-Liga,,4383501b
10,Sat,2020-11-21,16:15,Villarreal,1.7,1–1,0.6,Real Madrid,,Estadio de la Cerámica,Alejandro Hernández,/en/matches/3428445b/Villarreal-Real-Madrid-November-21-2020-La-Liga,,3428445b
10,Sun,2020-11-22,21:00,Alavés,1.7,2–2,1.9,Valencia,,Estadio de Mendizorroza,Santiago Jaime,/en/matches/de351e12/Alaves-Valencia-November-22-2020-La-Liga,,de351e12
10,Sun,2020-11-22,16:15,Cádiz,0.1,0–1,1.2,Real Sociedad,,Estadio Ramón de Carranza,Daniel Ask,/en/matches/4758cb68/Cadiz-Real-Sociedad-November-22-2020-La-Liga,,4758cb68
10,Sun,2020-11-22,14:00,Eibar,1.3,0–0,0.4,Getafe,,Estadio Municipal de Ipurúa,Pablo González,/en/matches/23b72004/Eibar-Getafe-November-22-2020-La-Liga,,23b72004
10,Sun,2020-11-22,18:30,Granada,1.5,1–3,1.3,Valladolid,,Estadio Nuevo Los Cármenes,David Medié,/en/matches/0a7b748e/Granada-Valladolid-November-22-2020-La-Liga,,0a7b748e
10,Mon,2020-11-23,21:00,Athletic Club,2.5,4–0,0.4,Betis,,San Mamés,Hsu Jason,/en/matches/3663111f/Athletic-Club-Real-Betis-November-23-2020-La-Liga,,3663111f
11,Fri,2020-11-27,21:00,Valladolid,1.6,1–1,1.1,Levante,,Estadio Municipal José Zorrilla,Valentín Pizarro,/en/matches/a6739bc2/Valladolid-Levante-November-27-2020-La-Liga,,a6739bc2
11,Sat,2020-11-28,14:00,Elche,0.1,1–1,0.5,Cádiz,,Estadio Manuel Martínez Valero,Carlos del Cerro,/en/matches/ec140ab3/Elche-Cadiz-November-28-2020-La-Liga,,ec140ab3
11,Sat,2020-11-28,18:30,Huesca,0.2,0–1,1.8,Sevilla,,Estadio El Alcoraz,Guillermo Cuadra,/en/matches/48c2c10e/Huesca-Sevilla-November-28-2020-La-Liga,,48c2c10e
11,Sat,2020-11-28,21:00,Real Madrid,1.7,1–2,2.2,Alavés,,Estadio Alfredo Di Stéfano,Adrián Cordero,/en/matches/8514945b/Real-Madrid-Alaves-November-28-2020-La-Liga,,8514945b
11,Sat,2020-11-28,16:15,Valencia,0.2,0–1,0.9,Atlético Madrid,,Estadio de Mestalla,Ricardo de Burgos,/en/matches/a9d485ac/Valencia-Atletico-Madrid-November-28-2020-La-Liga,,a9d485ac
11,Sun,2020-11-29,14:00,Barcelona,3.7,4–0,1.5,Osasuna,,Camp Nou,Antonio Matéu Lahoz,/en/matches/10b5cb6c/Barcelona-Osasuna-November-29-2020-La-Liga,,10b5cb6c
11,Sun,2020-11-29,18:30,Celta Vigo,4.2,3–1,1.6,Granada,,Estadio de Balaídos,Isidro Díaz de Mera,/en/matches/80baa2ab/Celta-Vigo-Granada-November-29-2020-La-Liga,,80baa2ab
11,Sun,2020-11-29,16:15,Getafe,0.5,1–1,0.3,Athletic Club,,Coliseum Alfonso Pérez,Mario Melero,/en/matches/add782a1/Getafe-Athletic-Club-November-29-2020-La-Liga,,add782a1
11,Sun,2020-11-29,21:00,Real Sociedad,1.7,1–1,1.2,Villarreal,,Estadio Municipal de Anoeta,Jesús Gil,/en/matches/26b79011/Real-Sociedad-Villarreal-November-29-2020-La-Liga,,26b79011
11,Mon,2020-11-30,21:00,Betis,0.7,0–2,2.9,Eibar,,Estadio Benito Villamarín,Juan Martínez,/en/matches/043ceb52/Real-Betis-Eibar-November-30-2020-La-Liga,,043ceb52
12,Fri,2020-12-04,21:00,Athletic Club,0.5,0–2,1.2,Celta Vigo,,San Mamés,Jorge Figueroa,/en/matches/d078209c/Athletic-Club-Celta-Vigo-December-4-2020-La-Liga,,d078209c
12,Sat,2020-12-05,18:30,Atlético Madrid,1.2,2–0,0.7,Valladolid,,Estadio Wanda Metropolitano,Pablo González,/en/matches/03ba0ca6/Atletico-Madrid-Valladolid-December-5-2020-La-Liga,,03ba0ca6
12,Sat,2020-12-05,21:00,Cádiz,2.5,2–1,1.5,Barcelona,,Estadio Ramón de Carranza,César Soto,/en/matches/b0c1990b/Cadiz-Barcelona-December-5-2020-La-Liga,,b0c1990b
12,Sat,2020-12-05,14:00,Levante,2.2,3–0,0.5,Getafe,,Estadio Ciudad de Valencia,David Medié,/en/matches/7ba04d2d/Levante-Getafe-December-5-2020-La-Liga,,7ba04d2d
12,Sat,2020-12-05,16:15,Sevilla,0.7,0–1,1.5,Real Madrid,,Estadio Ramón Sánchez Pizjuán,José Sánchez,/en/matches/6b44d551/Sevilla-Real-Madrid-December-5-2020-La-Liga,,6b44d551
12,Sun,2020-12-06,21:00,Alavés,0.3,0–0,1.4,Real Sociedad,,Estadio de Mendizorroza,José Luis Munuera,/en/matches/16108fee/Alaves-Real-Sociedad-December-6-2020-La-Liga,,16108fee
12,Sun,2020-12-06,14:00,Granada,1.5,3–3,1.5,Huesca,,Estadio Nuevo Los Cármenes,Hsu Jason,/en/matches/9bfc09f8/Granada-Huesca-December-6-2020-La-Liga,,9bfc09f8
12,Sun,2020-12-06,16:15,Osasuna,0.4,0–2,1.4,Betis,,Estadio El Sadar,Alejandro Hernández,/en/matches/fd627a61/Osasuna-Real-Betis-December-6-2020-La-Liga,,fd627a61
12,Sun,2020-12-06,18:30,Villarreal,0.6,0–0,0.1,Elche,,Estadio de la Cerámica,Santiago Jaime,/en/matches/0f578146/Villarreal-Elche-December-6-2020-La-Liga,,0f578146
12,Mon,2020-12-07,21:00,Eibar,1.3,0–0,0.5,Valencia,,Estadio Municipal de Ipurúa,Daniel Ask,/en/matches/93444131/Eibar-Valencia-December-7-2020-La-Liga,,93444131
13,Fri,2020-12-11,21:00,Valladolid,2.0,3–2,1.9,Osasuna,,Estadio Municipal José Zorrilla,Adrián Cordero,/en/matches/0d074d58/Valladolid-Osasuna-December-11-2020-La-Liga,,0d074d58
13,Sat,2020-12-12,16:15,Getafe,0.5,0–1,0.5,Sevilla,,Coliseum Alfonso Pérez,Juan Martínez,/en/matches/8d1dc7f5/Getafe-Sevilla-December-12-2020-La-Liga,,8d1dc7f5
13,Sat,2020-12-12,18:30,Huesca,0.4,1–0,0.2,Alavés,,Estadio El Alcoraz,Mario Melero,/en/matches/bf384210/Huesca-Alaves-December-12-2020-La-Liga,,bf384210
13,Sat,2020-12-12,21:00,Real Madrid,0.9,2–0,0.7,Atlético Madrid,,Estadio Alfredo Di Stéfano,Antonio Matéu Lahoz,/en/matches/2d8a4ddd/El-Derbi-Madrileno-Real-Madrid-Atletico-Madrid-December-12-2020-La-Liga,,2d8a4ddd
13,Sat,2020-12-12,14:00,Valencia,1.5,2–2,1.9,Athletic Club,,Estadio de Mestalla,Carlos del Cerro,/en/matches/de3c803f/Valencia-Athletic-Club-December-12-2020-La-Liga,,de3c803f
13,Sun,2020-12-13,21:00,Barcelona,2.1,1–0,1.0,Levante,,Camp Nou,Ricardo de Burgos,/en/matches/5ef7c398/Barcelona-Levante-December-13-2020-La-Liga,,5ef7c398
13,Sun,2020-12-13,16:15,Betis,0.6,1–1,1.2,Villarreal,,Estadio Benito Villamarín,Valentín Pizarro,/en/matches/8c7f5044/Real-Betis-Villarreal-December-13-2020-La-Liga,,8c7f5044
13,Sun,2020-12-13,18:30,Elche,0.6,0–1,1.6,Granada,,Estadio Manuel Martínez Valero,Pablo González,/en/matches/5b711c37/Elche-Granada-December-13-2020-La-Liga,,5b711c37
13,Sun,2020-12-13,14:00,Real Sociedad,1.2,1–1,1.7,Eibar,,Estadio Municipal de Anoeta,Isidro Díaz de Mera,/en/matches/515bf2be/Real-Sociedad-Eibar-December-13-2020-La-Liga,,515bf2be
13,Mon,2020-12-14,21:00,Celta Vigo,1.5,4–0,0.6,Cádiz,,Estadio de Balaídos,Guillermo Cuadra,/en/matches/d1ed8d84/Celta-Vigo-Cadiz-December-14-2020-La-Liga,,d1ed8d84
19,Tue,2020-12-15,22:00,Real Madrid,2.2,3–1,0.8,Athletic Club,,Estadio Alfredo Di Stéfano,Jesús Gil,/en/matches/ad50de94/Real-Madrid-Athletic-Club-December-15-2020-La-Liga,,ad50de94
19,Wed,2020-12-16,21:00,Barcelona,2.5,2–1,1.8,Real Sociedad,,Camp Nou,José Sánchez,/en/matches/be0928c2/Barcelona-Real-Sociedad-December-16-2020-La-Liga,,be0928c2
14,Fri,2020-12-18,21:00,Athletic Club,1.4,2–0,0.2,Huesca,,San Mamés,Valentín Pizarro,/en/matches/fe536378/Athletic-Club-Huesca-December-18-2020-La-Liga,,fe536378
14,Sat,2020-12-19,14:00,Atlético Madrid,2.2,3–1,0.6,Elche,,Estadio Wanda Metropolitano,Daniel Ask,/en/matches/ce479171/Atletico-Madrid-Elche-December-19-2020-La-Liga,,ce479171
14,Sat,2020-12-19,16:15,Barcelona,2.3,2–2,1.6,Valencia,,Camp Nou,Alejandro Hernández,/en/matches/29e2c236/Barcelona-Valencia-December-19-2020-La-Liga,,29e2c236
14,Sat,2020-12-19,18:30,Levante,1.8,2–1,1.8,Real Sociedad,,Estadio Ciudad de Valencia,César Soto,/en/matches/f6b2a2a6/Levante-Real-Sociedad-December-19-2020-La-Liga,,f6b2a2a6
14,Sat,2020-12-19,18:30,Osasuna,1.0,1–3,2.3,Villarreal,,Estadio El Sadar,Jorge Figueroa,/en/matches/3575a467/Osasuna-Villarreal-December-19-2020-La-Liga,,3575a467
14,Sat,2020-12-19,21:00,Sevilla,1.7,1–1,1.0,Valladolid,,Estadio Ramón Sánchez Pizjuán,Jesús Gil,/en/matches/2d7c6aaa/Sevilla-Valladolid-December-19-2020-La-Liga,,2d7c6aaa
14,Sun,2020-12-20,14:00,Celta Vigo,1.6,2–0,0.7,Alavés,,Estadio de Balaídos,Hsu Jason,/en/matches/025d63df/Celta-Vigo-Alaves-December-20-2020-La-Liga,,025d63df
14,Sun,2020-12-20,18:30,Cádiz,0.4,0–2,1.0,Getafe,,Estadio Ramón de Carranza,Santiago Jaime,/en/matches/c77f2423/Cadiz-Getafe-December-20-2020-La-Liga,,c77f2423
14,Sun,2020-12-20,21:00,Eibar,0.7,1–3,2.2,Real Madrid,,Estadio Municipal de Ipurúa,José Luis Munuera,/en/matches/1946dc03/Eibar-Real-Madrid-December-20-2020-La-Liga,,1946dc03
14,Sun,2020-12-20,16:15,Granada,1.4,2–0,0.8,Betis,,Estadio Nuevo Los Cármenes,José Sánchez,/en/matches/393d3a24/Granada-Real-Betis-December-20-2020-La-Liga,,393d3a24
15,Tue,2020-12-22,17:30,Elche,1.2,2–2,1.6,Osasuna,,Estadio Manuel Martínez Valero,Ricardo de Burgos,/en/matches/692ed77c/Elche-Osasuna-December-22-2020-La-Liga,,692ed77c
15,Tue,2020-12-22,19:45,Huesca,1.4,1–1,0.7,Levante,,Estadio El Alcoraz,Isidro Díaz de Mera,/en/matches/259ecaa0/Huesca-Levante-December-22-2020-La-Liga,,259ecaa0
15,Tue,2020-12-22,19:45,Real Sociedad,0.3,0–2,0.5,Atlético Madrid,,Estadio Municipal de Anoeta,Guillermo Cuadra,/en/matches/731e8449/Real-Sociedad-Atletico-Madrid-December-22-2020-La-Liga,,731e8449
15,Tue,2020-12-22,17:30,Valencia,0.6,0–1,1.8,Sevilla,,Estadio de Mestalla,Valentín Pizarro,/en/matches/0a9cce7b/Valencia-Sevilla-December-22-2020-La-Liga,,0a9cce7b
15,Tue,2020-12-22,22:00,Valladolid,0.8,0–3,3.0,Barcelona,,Estadio Municipal José Zorrilla,Mario Melero,/en/matches/086be9c6/Valladolid-Barcelona-December-22-2020-La-Liga,,086be9c6
15,Tue,2020-12-22,22:00,Villarreal,1.4,1–1,0.8,Athletic Club,,Estadio de la Cerámica,David Medié,/en/matches/351e60c3/Villarreal-Athletic-Club-December-22-2020-La-Liga,,351e60c3
15,Wed,2020-12-23,22:00,Alavés,1.9,2–1,1.0,Eibar,,Estadio de Mendizorroza,Carlos del Cerro,/en/matches/f281b31b/Alaves-Eibar-December-23-2020-La-Liga,,f281b31b
15,Wed,2020-12-23,22:00,Betis,0.4,1–0,0.3,Cádiz,,Estadio Benito Villamarín,Antonio Matéu Lahoz,/en/matches/f4e53914/Real-Betis-Cadiz-December-23-2020-La-Liga,,f4e53914
15,Wed,2020-12-23,17:30,Getafe,0.3,1–1,0.8,Celta Vigo,,Coliseum Alfonso Pérez,Pablo González,/en/matches/e3b2ae55/Getafe-Celta-Vigo-December-23-2020-La-Liga,,e3b2ae55
15,Wed,2020-12-23,19:45,Real Madrid,1.8,2–0,0.8,Granada,,Estadio Alfredo Di Stéfano,Juan Martínez,/en/matches/d98e1eba/Real-Madrid-Granada-December-23-2020-La-Liga,,d98e1eba
16,Tue,2020-12-29,19:15,Barcelona,2.2,1–1,0.6,Eibar,,Camp Nou,Hsu Jason,/en/matches/d3f9d764/Barcelona-Eibar-December-29-2020-La-Liga,,d3f9d764
16,Tue,2020-12-29,21:30,Cádiz,0.7,0–0,0.5,Valladolid,,Estadio Ramón de Carranza,Alejandro Hernández,/en/matches/01b9957b/Cadiz-Valladolid-December-29-2020-La-Liga,,01b9957b
16,Tue,2020-12-29,21:30,Levante,1.7,4–3,2.8,Betis,,Estadio Ciudad de Valencia,Daniel Ask,/en/matches/d66ce142/Levante-Real-Betis-December-29-2020-La-Liga,,d66ce142
16,Tue,2020-12-29,17:00,Sevilla,2.2,2–0,0.6,Villarreal,,Estadio Ramón Sánchez Pizjuán,César Soto,/en/matches/70db94fc/Sevilla-Villarreal-December-29-2020-La-Liga,,70db94fc
16,Wed,2020-12-30,19:15,Atlético Madrid,1.1,1–0,0.8,Getafe,,Estadio Wanda Metropolitano,Antonio Matéu Lahoz,/en/matches/841373ab/Atletico-Madrid-Getafe-December-30-2020-La-Liga,,841373ab
16,Wed,2020-12-30,19:15,Celta Vigo,2.3,2–1,1.3,Huesca,,Estadio de Balaídos,José Luis Munuera,/en/matches/33dd6d9f/Celta-Vigo-Huesca-December-30-2020-La-Liga,,33dd6d9f
16,Wed,2020-12-30,21:30,Elche,1.0,1–1,1.4,Real Madrid,,Estadio Manuel Martínez Valero,Jorge Figueroa,/en/matches/7ae82df2/Elche-Real-Madrid-December-30-2020-La-Liga,,7ae82df2
16,Wed,2020-12-30,17:00,Granada,2.2,2–1,1.5,Valencia,,Estadio Nuevo Los Cármenes,Adrián Cordero,/en/matches/a0d46fea/Granada-Valencia-December-30-2020-La-Liga,,a0d46fea
16,Thu,2020-12-31,14:00,Athletic Club,0.2,0–1,1.6,Real Sociedad,,San Mamés,José Sánchez,/en/matches/1f0ac7ba/Athletic-Club-Real-Sociedad-December-31-2020-La-Liga,,1f0ac7ba
16,Thu,2020-12-31,16:15,Osasuna,0.4,1–1,1.6,Alavés,,Estadio El Sadar,Santiago Jaime,/en/matches/6af627e0/Osasuna-Alaves-December-31-2020-La-Liga,,6af627e0
17,Sat,2021-01-02,16:15,Betis,2.1,1–1,0.2,Sevilla,,Estadio Benito Villamarín,Carlos del Cerro,/en/matches/d296206a/Real-Betis-Sevilla-January-2-2021-La-Liga,,d296206a
17,Sat,2021-01-02,18:30,Getafe,0.8,0–1,1.2,Valladolid,,Coliseum Alfonso Pérez,Isidro Díaz de Mera,/en/matches/bcc7eb41/Getafe-Valladolid-January-2-2021-La-Liga,,bcc7eb41
17,Sat,2021-01-02,21:00,Real Madrid,1.0,2–0,0.7,Celta Vigo,,Estadio Alfredo Di Stéfano,Ricardo de Burgos,/en/matches/db92bd0a/Real-Madrid-Celta-Vigo-January-2-2021-La-Liga,,db92bd0a
17,Sat,2021-01-02,14:00,Villarreal,1.6,2–1,0.5,Levante,,Estadio de la Cerámica,Pablo González,/en/matches/de88aaef/Villarreal-Levante-January-2-2021-La-Liga,,de88aaef
17,Sun,2021-01-03,16:15,Alavés,0.3,1–2,2.2,Atlético Madrid,,Estadio de Mendizorroza,Juan Martínez,/en/matches/425deb4c/Alaves-Atletico-Madrid-January-3-2021-La-Liga,,425deb4c
17,Sun,2021-01-03,14:00,Athletic Club,1.4,1–0,0.2,Elche,,San Mamés,Mario Melero,/en/matches/22b8a289/Athletic-Club-Elche-January-3-2021-La-Liga,,22b8a289
17,Sun,2021-01-03,18:30,Eibar,1.9,2–0,0.9,Granada,,Estadio Municipal de Ipurúa,Antonio Matéu Lahoz,/en/matches/0f6e9976/Eibar-Granada-January-3-2021-La-Liga,,0f6e9976
17,Sun,2021-01-03,21:00,Huesca,0.8,0–1,3.0,Barcelona,,Estadio El Alcoraz,Guillermo Cuadra,/en/matches/200fff0a/Huesca-Barcelona-January-3-2021-La-Liga,,200fff0a
17,Sun,2021-01-03,18:30,Real Sociedad,0.8,1–1,0.8,Osasuna,,Estadio Municipal de Anoeta,Valentín Pizarro,/en/matches/e0d1b5e4/Real-Sociedad-Osasuna-January-3-2021-La-Liga,,e0d1b5e4
17,Mon,2021-01-04,21:00,Valencia,0.8,1–1,0.8,Cádiz,,Estadio de Mestalla,David Medié,/en/matches/50010d24/Valencia-Cadiz-January-4-2021-La-Liga,,50010d24
2,Wed,2021-01-06,21:00,Athletic Club,0.6,2–3,1.6,Barcelona,,San Mamés,Carlos del Cerro,/en/matches/31a74d4f/Athletic-Club-Barcelona-January-6-2021-La-Liga,,31a74d4f
18,Fri,2021-01-08,21:00,Celta Vigo,0.4,0–4,2.7,Villarreal,,Estadio de Balaídos,Daniel Ask,/en/matches/5934210b/Celta-Vigo-Villarreal-January-8-2021-La-Liga,,5934210b
18,Sat,2021-01-09,18:30,Granada,0.5,0–4,0.9,Barcelona,,Estadio Nuevo Los Cármenes,Ricardo de Burgos,/en/matches/820f8ab3/Granada-Barcelona-January-9-2021-La-Liga,,820f8ab3
18,Sat,2021-01-09,21:00,Osasuna,0.6,0–0,0.4,Real Madrid,,Estadio El Sadar,César Soto,/en/matches/ba67824f/Osasuna-Real-Madrid-January-9-2021-La-Liga,,ba67824f
18,Sat,2021-01-09,14:00,Sevilla,2.6,3–2,0.8,Real Sociedad,,Estadio Ramón Sánchez Pizjuán,Hsu Jason,/en/matches/17d685e9/Sevilla-Real-Sociedad-January-9-2021-La-Liga,,17d685e9
18,Sun,2021-01-10,16:15,Cádiz,2.6,3–1,0.9,Alavés,,Estadio Ramón de Carranza,José Sánchez,/en/matches/ed892048/Cadiz-Alaves-January-10-2021-La-Liga,,ed892048
18,Sun,2021-01-10,14:00,Levante,1.0,2–1,1.1,Eibar,,Estadio Ciudad de Valencia,Daniel Ask,/en/matches/da826608/Levante-Eibar-January-10-2021-La-Liga,,da826608
18,Sun,2021-01-10,21:00,Valladolid,0.7,0–1,1.2,Valencia,,Estadio Municipal José Zorrilla,Guillermo Cuadra,/en/matches/f0d90ea0/Valladolid-Valencia-January-10-2021-La-Liga,,f0d90ea0
18,Mon,2021-01-11,19:00,Elche,1.1,1–3,3.1,Getafe,,Estadio Manuel Martínez Valero,José Luis Munuera,/en/matches/598a0118/Elche-Getafe-January-11-2021-La-Liga,,598a0118
18,Mon,2021-01-11,21:00,Huesca,1.3,0–2,2.4,Betis,,Estadio El Alcoraz,Adrián Cordero,/en/matches/2ddfb4cd/Huesca-Real-Betis-January-11-2021-La-Liga,,2ddfb4cd
1,Tue,2021-01-12,21:30,Atlético Madrid,0.4,2–0,1.8,Sevilla,,Estadio Wanda Metropolitano,Daniel Ask,/en/matches/365c041c/Atletico-Madrid-Sevilla-January-12-2021-La-Liga,,365c041c
4,Tue,2021-01-12,19:00,Granada,0.8,2–0,0.7,Osasuna,,Estadio Nuevo Los Cármenes,Pablo González,/en/matches/5dbb4172/Granada-Osasuna-January-12-2021-La-Liga,,5dbb4172
19,Tue,2021-01-19,21:30,Alavés,1.6,1–2,1.2,Sevilla,,Estadio de Mendizorroza,Isidro Díaz de Mera,/en/matches/4ed0d230/Alaves-Sevilla-January-19-2021-La-Liga,,4ed0d230
19,Tue,2021-01-19,19:00,Cádiz,0.8,2–2,1.9,Levante,,Estadio Ramón de Carranza,Carlos del Cerro,/en/matches/d1dbb92c/Cadiz-Levante-January-19-2021-La-Liga,,d1dbb92c
19,Tue,2021-01-19,19:00,Valladolid,1.0,2–2,0.6,Elche,,Estadio Municipal José Zorrilla,Santiago Jaime,/en/matches/431297ad/Valladolid-Elche-January-19-2021-La-Liga,,431297ad
19,Wed,2021-01-20,21:00,Betis,0.8,2–1,1.1,Celta Vigo,,Estadio Benito Villamarín,Juan Martínez,/en/matches/3a0332a1/Real-Betis-Celta-Vigo-January-20-2021-La-Liga,,3a0332a1
19,Wed,2021-01-20,19:00,Getafe,0.8,1–0,0.8,Huesca,,Coliseum Alfonso Pérez,David Medié,/en/matches/8abb68ff/Getafe-Huesca-January-20-2021-La-Liga,,8abb68ff
19,Wed,2021-01-20,21:30,Villarreal,2.4,2–2,0.2,Granada,,Estadio de la Cerámica,Valentín Pizarro,/en/matches/1a0ee7c0/Villarreal-Granada-January-20-2021-La-Liga,,1a0ee7c0
19,Thu,2021-01-21,21:30,Eibar,1.5,1–2,1.2,Atlético Madrid,,Estadio Municipal de Ipurúa,Mario Melero,/en/matches/3e304abe/Eibar-Atletico-Madrid-January-21-2021-La-Liga,,3e304abe
19,Thu,2021-01-21,19:00,Valencia,0.5,1–1,1.6,Osasuna,,Estadio de Mestalla,Alejandro Hernández,/en/matches/c6a385f0/Valencia-Osasuna-January-21-2021-La-Liga,,c6a385f0
20,Fri,2021-01-22,21:00,Levante,1.0,2–2,0.6,Valladolid,,Estadio Ciudad de Valencia,José Luis Munuera,/en/matches/9477759f/Levante-Valladolid-January-22-2021-La-Liga,,9477759f
20,Sat,2021-01-23,21:00,Alavés,0.7,1–4,1.4,Real Madrid,,Estadio de Mendizorroza,Alejandro Hernández,/en/matches/7b89e161/Alaves-Real-Madrid-January-23-2021-La-Liga,,7b89e161
20,Sat,2021-01-23,14:00,Huesca,0.2,0–0,0.5,Villarreal,,Estadio El Alcoraz,Hsu Jason,/en/matches/33ea6205/Huesca-Villarreal-January-23-2021-La-Liga,,33ea6205
20,Sat,2021-01-23,18:30,Real Sociedad,2.2,2–2,0.6,Betis,,Estadio Municipal de Anoeta,César Soto,/en/matches/9deba325/Real-Sociedad-Real-Betis-January-23-2021-La-Liga,,9deba325
20,Sat,2021-01-23,16:15,Sevilla,2.3,3–0,0.7,Cádiz,,Estadio Ramón Sánchez Pizjuán,Guillermo Cuadra,/en/matches/0ae5bca4/Sevilla-Cadiz-January-23-2021-La-Liga,,0ae5bca4
20,Sun,2021-01-24,21:00,Atlético Madrid,1.8,3–1,0.3,Valencia,,Estadio Wanda Metropolitano,Ricardo de Burgos,/en/matches/3bdd8d1f/Atletico-Madrid-Valencia-January-24-2021-La-Liga,,3bdd8d1f
20,Sun,2021-01-24,18:30,Celta Vigo,1.6,1–1,0.9,Eibar,,Estadio de Balaídos,Pablo González,/en/matches/95f9e23e/Celta-Vigo-Eibar-January-24-2021-La-Liga,,95f9e23e
20,Sun,2021-01-24,16:15,Elche,0.5,0–2,2.6,Barcelona,,Estadio Manuel Martínez Valero,Valentín Pizarro,/en/matches/582338aa/Elche-Barcelona-January-24-2021-La-Liga,,582338aa
20,Sun,2021-01-24,14:00,Osasuna,1.7,3–1,0.7,Granada,,Estadio El Sadar,Daniel Ask,/en/matches/1323ca2e/Osasuna-Granada-January-24-2021-La-Liga,,1323ca2e
20,Mon,2021-01-25,21:00,Athletic Club,2.0,5–1,1.3,Getafe,,San Mamés,Adrián Cordero,/en/matches/777d8a4e/Athletic-Club-Getafe-January-25-2021-La-Liga,,777d8a4e
21,Fri,2021-01-29,21:00,Valladolid,1.8,1–3,1.2,Huesca,,Estadio Municipal José Zorrilla,Ricardo de Burgos,/en/matches/0eee1cd8/Valladolid-Huesca-January-29-2021-La-Liga,,0eee1cd8
21,Sat,2021-01-30,14:00,Eibar,0.9,0–2,1.5,Sevilla,,Estadio Municipal de Ipurúa,José Sánchez,/en/matches/6310e0ff/Eibar-Sevilla-January-30-2021-La-Liga,,6310e0ff
21,Sat,2021-01-30,16:15,Real Madrid,1.3,1–2,1.8,Levante,,Estadio Alfredo Di Stéfano,David Medié,/en/matches/884d8817/Real-Madrid-Levante-January-30-2021-La-Liga,,884d8817
21,Sat,2021-01-30,18:30,Valencia,2.8,1–0,0.4,Elche,,Estadio de Mestalla,Pablo González,/en/matches/86e36962/Valencia-Elche-January-30-2021-La-Liga,,86e36962
21,Sat,2021-01-30,21:00,Villarreal,0.2,1–1,1.3,Real Sociedad,,Estadio de la Cerámica,Isidro Díaz de Mera,/en/matches/afa0c4f7/Villarreal-Real-Sociedad-January-30-2021-La-Liga,,afa0c4f7
21,Sun,2021-01-31,21:00,Barcelona,1.9,2–1,0.3,Athletic Club,,Camp Nou,Antonio Matéu Lahoz,/en/matches/cdbd8802/Barcelona-Athletic-Club-January-31-2021-La-Liga,,cdbd8802
21,Sun,2021-01-31,16:15,Cádiz,1.2,2–4,1.9,Atlético Madrid,,Estadio Ramón de Carranza,Jesús Gil,/en/matches/202304b0/Cadiz-Atletico-Madrid-January-31-2021-La-Liga,,202304b0
21,Sun,2021-01-31,14:00,Getafe,0.4,0–0,0.2,Alavés,,Coliseum Alfonso Pérez,Santiago Jaime,/en/matches/f6d3dacd/Getafe-Alaves-January-31-2021-La-Liga,,f6d3dacd
21,Sun,2021-01-31,18:30,Granada,0.3,0–0,0.6,Celta Vigo,,Estadio Nuevo Los Cármenes,Carlos del Cerro,/en/matches/68c94daa/Granada-Celta-Vigo-January-31-2021-La-Liga,,68c94daa
21,Mon,2021-02-01,21:00,Betis,1.5,1–0,1.4,Osasuna,,Estadio Benito Villamarín,Hsu Jason,/en/matches/25c60357/Real-Betis-Osasuna-February-1-2021-La-Liga,,25c60357
22,Fri,2021-02-05,21:00,Alavés,1.5,1–0,0.1,Valladolid,,Estadio de Mendizorroza,César Soto,/en/matches/d46ac253/Alaves-Valladolid-February-5-2021-La-Liga,,d46ac253
22,Sat,2021-02-06,18:30,Elche,1.3,2–2,1.4,Villarreal,,Estadio Manuel Martínez Valero,Mario Melero,/en/matches/8de98099/Elche-Villarreal-February-6-2021-La-Liga,,8de98099
22,Sat,2021-02-06,16:15,Huesca,1.0,1–2,3.4,Real Madrid,,Estadio El Alcoraz,Daniel Ask,/en/matches/9f400de4/Huesca-Real-Madrid-February-6-2021-La-Liga,,9f400de4
22,Sat,2021-02-06,14:00,Levante,1.4,2–2,1.2,Granada,,Estadio Ciudad de Valencia,Adrián Cordero,/en/matches/76f3532f/Levante-Granada-February-6-2021-La-Liga,,76f3532f
22,Sat,2021-02-06,21:00,Sevilla,2.2,3–0,0.2,Getafe,,Estadio Ramón Sánchez Pizjuán,Juan Martínez,/en/matches/4ac7cf9a/Sevilla-Getafe-February-6-2021-La-Liga,,4ac7cf9a
22,Sun,2021-02-07,16:15,Athletic Club,1.2,1–1,0.9,Valencia,,San Mamés,José Luis Munuera,/en/matches/96b77de7/Athletic-Club-Valencia-February-7-2021-La-Liga,,96b77de7
22,Sun,2021-02-07,21:00,Betis,1.8,2–3,1.3,Barcelona,,Estadio Benito Villamarín,Carlos del Cerro,/en/matches/36d21ebb/Real-Betis-Barcelona-February-7-2021-La-Liga,,36d21ebb
22,Sun,2021-02-07,18:30,Osasuna,1.7,2–1,1.2,Eibar,,Estadio El Sadar,Jorge Figueroa,/en/matches/0a12e31b/Osasuna-Eibar-February-7-2021-La-Liga,,0a12e31b
22,Sun,2021-02-07,14:00,Real Sociedad,4.6,4–1,0.5,Cádiz,,Estadio Municipal de Anoeta,Valentín Pizarro,/en/matches/549f6b8b/Real-Sociedad-Cadiz-February-7-2021-La-Liga,,549f6b8b
22,Mon,2021-02-08,21:00,Atlético Madrid,1.2,2–2,1.5,Celta Vigo,,Estadio Wanda Metropolitano,Guillermo Cuadra,/en/matches/138e1a45/Atletico-Madrid-Celta-Vigo-February-8-2021-La-Liga,,138e1a45
1,Tue,2021-02-09,21:00,Real Madrid,1.6,2–0,0.1,Getafe,,Estadio Alfredo Di Stéfano,Hsu Jason,/en/matches/58b3121d/Real-Madrid-Getafe-February-9-2021-La-Liga,,58b3121d
23,Fri,2021-02-12,21:00,Celta Vigo,2.1,3–1,1.1,Elche,,Estadio de Balaídos,Ricardo de Burgos,/en/matches/df7e45e0/Celta-Vigo-Elche-February-12-2021-La-Liga,,df7e45e0
23,Sat,2021-02-13,21:00,Barcelona,2.4,5–1,0.7,Alavés,,Camp Nou,Jorge Figueroa,/en/matches/e1aa194a/Barcelona-Alaves-February-13-2021-La-Liga,,e1aa194a
23,Sat,2021-02-13,18:30,Eibar,2.5,1–1,1.0,Valladolid,,Estadio Municipal de Ipurúa,Isidro Díaz de Mera,/en/matches/9d85a6cf/Eibar-Valladolid-February-13-2021-La-Liga,,9d85a6cf
23,Sat,2021-02-13,14:00,Granada,0.7,1–2,0.7,Atlético Madrid,,Estadio Nuevo Los Cármenes,Antonio Matéu Lahoz,/en/matches/aa128ba1/Granada-Atletico-Madrid-February-13-2021-La-Liga,,aa128ba1
23,Sat,2021-02-13,16:15,Sevilla,1.5,1–0,1.3,Huesca,,Estadio Ramón Sánchez Pizjuán,David Medié,/en/matches/05a53679/Sevilla-Huesca-February-13-2021-La-Liga,,05a53679
23,Sun,2021-02-14,14:00,Getafe,0.4,0–1,1.0,Real Sociedad,,Coliseum Alfonso Pérez,Pablo González,/en/matches/4e1141ae/Getafe-Real-Sociedad-February-14-2021-La-Liga,,4e1141ae
23,Sun,2021-02-14,18:30,Levante,1.5,0–1,0.7,Osasuna,,Estadio Ciudad de Valencia,Santiago Jaime,/en/matches/5b5a254c/Levante-Osasuna-February-14-2021-La-Liga,,5b5a254c
23,Sun,2021-02-14,16:15,Real Madrid,0.8,2–0,0.1,Valencia,,Estadio Alfredo Di Stéfano,José Sánchez,/en/matches/89c0562c/Real-Madrid-Valencia-February-14-2021-La-Liga,,89c0562c
23,Sun,2021-02-14,21:00,Villarreal,1.3,1–2,1.0,Betis,,Estadio de la Cerámica,Jesús Gil,/en/matches/e1fab963/Villarreal-Real-Betis-February-14-2021-La-Liga,,e1fab963
23,Mon,2021-02-15,21:00,Cádiz,0.5,0–4,2.2,Athletic Club,,Estadio Ramón de Carranza,Alejandro Hernández,/en/matches/2bfe195a/Cadiz-Athletic-Club-February-15-2021-La-Liga,,2bfe195a
2,Wed,2021-02-17,19:00,Levante,0.6,1–1,1.1,Atlético Madrid,,Estadio Ciudad de Valencia,José Luis Munuera,/en/matches/2769bc44/Levante-Atletico-Madrid-February-17-2021-La-Liga,,2769bc44
24,Fri,2021-02-19,21:00,Betis,2.6,1–0,0.4,Getafe,,Estadio Benito Villamarín,Daniel Ask,/en/matches/18fe26a4/Real-Betis-Getafe-February-19-2021-La-Liga,,18fe26a4
24,Sat,2021-02-20,16:15,Atlético Madrid,2.1,0–2,0.8,Levante,,Estadio Wanda Metropolitano,Mario Melero,/en/matches/8048386f/Atletico-Madrid-Levante-February-20-2021-La-Liga,,8048386f
24,Sat,2021-02-20,14:00,Elche,0.4,1–0,1.8,Eibar,,Estadio Manuel Martínez Valero,Adrián Cordero,/en/matches/b276ffce/Elche-Eibar-February-20-2021-La-Liga,,b276ffce
24,Sat,2021-02-20,18:30,Valencia,1.2,2–0,0.7,Celta Vigo,,Estadio de Mestalla,Valentín Pizarro,/en/matches/beb69245/Valencia-Celta-Vigo-February-20-2021-La-Liga,,beb69245
24,Sat,2021-02-20,21:00,Valladolid,1.0,0–1,0.8,Real Madrid,,Estadio Municipal José Zorrilla,Guillermo Cuadra,/en/matches/b811b635/Valladolid-Real-Madrid-February-20-2021-La-Liga,,b811b635
24,Sun,2021-02-21,21:00,Athletic Club,2.6,1–1,0.1,Villarreal,,San Mamés,Carlos del Cerro,/en/matches/fa09afb6/Athletic-Club-Villarreal-February-21-2021-La-Liga,,fa09afb6
24,Sun,2021-02-21,14:00,Barcelona,2.2,1–1,1.4,Cádiz,,Camp Nou,Juan Martínez,/en/matches/6d9fe2eb/Barcelona-Cadiz-February-21-2021-La-Liga,,6d9fe2eb
24,Sun,2021-02-21,18:30,Huesca,2.3,3–2,1.0,Granada,,Estadio El Alcoraz,César Soto,/en/matches/c1c0323d/Huesca-Granada-February-21-2021-La-Liga,,c1c0323d
24,Sun,2021-02-21,16:15,Real Sociedad,2.4,4–0,0.8,Alavés,,Estadio Municipal de Anoeta,José Luis Munuera,/en/matches/84043bf9/Real-Sociedad-Alaves-February-21-2021-La-Liga,,84043bf9
24,Mon,2021-02-22,21:00,Osasuna,0.5,0–2,0.7,Sevilla,,Estadio El Sadar,Hsu Jason,/en/matches/6f2528d7/Osasuna-Sevilla-February-22-2021-La-Liga,,6f2528d7
1,Wed,2021-02-24,19:00,Barcelona,2.7,3–0,0.3,Elche,,Camp Nou,Isidro Díaz de Mera,/en/matches/f613c734/Barcelona-Elche-February-24-2021-La-Liga,,f613c734
25,Fri,2021-02-26,21:00,Levante,1.2,1–1,1.9,Athletic Club,,Estadio Ciudad de Valencia,Isidro Díaz de Mera,/en/matches/2d83edc5/Levante-Athletic-Club-February-26-2021-La-Liga,,2d83edc5
25,Sat,2021-02-27,18:30,Alavés,0.4,0–1,1.5,Osasuna,,Estadio de Mendizorroza,José Sánchez,/en/matches/48d81092/Alaves-Osasuna-February-27-2021-La-Liga,,48d81092
25,Sat,2021-02-27,14:00,Eibar,1.6,1–1,0.5,Huesca,,Estadio Municipal de Ipurúa,Pablo González,/en/matches/c81df398/Eibar-Huesca-February-27-2021-La-Liga,,c81df398
25,Sat,2021-02-27,21:00,Getafe,0.9,3–0,0.3,Valencia,,Coliseum Alfonso Pérez,Jorge Figueroa,/en/matches/5b2658c3/Getafe-Valencia-February-27-2021-La-Liga,,5b2658c3
25,Sat,2021-02-27,16:15,Sevilla,0.2,0–2,1.6,Barcelona,,Estadio Ramón Sánchez Pizjuán,Alejandro Hernández,/en/matches/cf4341cf/Sevilla-Barcelona-February-27-2021-La-Liga,,cf4341cf
25,Sun,2021-02-28,14:00,Celta Vigo,0.9,1–1,0.7,Valladolid,,Estadio de Balaídos,David Medié,/en/matches/3ebeb0f5/Celta-Vigo-Valladolid-February-28-2021-La-Liga,,3ebeb0f5
25,Sun,2021-02-28,16:15,Cádiz,0.2,0–1,0.4,Betis,,Estadio Ramón de Carranza,Antonio Matéu Lahoz,/en/matches/a66b2c9c/Cadiz-Real-Betis-February-28-2021-La-Liga,,a66b2c9c
25,Sun,2021-02-28,18:30,Granada,1.1,2–1,1.2,Elche,,Estadio Nuevo Los Cármenes,Santiago Jaime,/en/matches/04a14d12/Granada-Elche-February-28-2021-La-Liga,,04a14d12
25,Sun,2021-02-28,21:00,Villarreal,1.8,0–2,0.6,Atlético Madrid,,Estadio de la Cerámica,Ricardo de Burgos,/en/matches/70933a6b/Villarreal-Atletico-Madrid-February-28-2021-La-Liga,,70933a6b
25,Mon,2021-03-01,21:00,Real Madrid,2.2,1–1,0.8,Real Sociedad,,Estadio Alfredo Di Stéfano,Jesús Gil,/en/matches/b07e158b/Real-Madrid-Real-Sociedad-March-1-2021-La-Liga,,b07e158b
26,Fri,2021-03-05,21:00,Valencia,1.9,2–1,1.9,Villarreal,,Estadio de Mestalla,Daniel Ask,/en/matches/349ceefc/Valencia-Villarreal-March-5-2021-La-Liga,,349ceefc
26,Sat,2021-03-06,18:30,Cádiz,1.6,1–0,1.7,Eibar,,Estadio Ramón de Carranza,Carlos del Cerro,/en/matches/6685c17a/Cadiz-Eibar-March-6-2021-La-Liga,,6685c17a
26,Sat,2021-03-06,16:15,Elche,0.9,2–1,1.2,Sevilla,,Estadio Manuel Martínez Valero,Valentín Pizarro,/en/matches/05a1dc64/Elche-Sevilla-March-6-2021-La-Liga,,05a1dc64
26,Sat,2021-03-06,21:00,Osasuna,0.8,0–2,0.8,Barcelona,,Estadio El Sadar,Guillermo Cuadra,/en/matches/5c84db99/Osasuna-Barcelona-March-6-2021-La-Liga,,5c84db99
26,Sat,2021-03-06,14:00,Valladolid,1.2,2–1,0.9,Getafe,,Estadio Municipal José Zorrilla,Mario Melero,/en/matches/6f2e694b/Valladolid-Getafe-March-6-2021-La-Liga,,6f2e694b
26,Sun,2021-03-07,21:00,Athletic Club,1.3,2–1,2.0,Granada,,San Mamés,Juan Martínez,/en/matches/79d0df70/Athletic-Club-Granada-March-7-2021-La-Liga,,79d0df70
26,Sun,2021-03-07,16:15,Atlético Madrid,1.4,1–1,1.6,Real Madrid,,Estadio Wanda Metropolitano,Alejandro Hernández,/en/matches/5011dc24/El-Derbi-Madrileno-Atletico-Madrid-Real-Madrid-March-7-2021-La-Liga,,5011dc24
26,Sun,2021-03-07,14:00,Huesca,2.2,3–4,0.9,Celta Vigo,,Estadio El Alcoraz,José Luis Munuera,/en/matches/0cc70a2b/Huesca-Celta-Vigo-March-7-2021-La-Liga,,0cc70a2b
26,Sun,2021-03-07,18:30,Real Sociedad,4.7,1–0,0.2,Levante,,Estadio Municipal de Anoeta,César Soto,/en/matches/1bca69e9/Real-Sociedad-Levante-March-7-2021-La-Liga,,1bca69e9
26,Mon,2021-03-08,21:00,Betis,2.0,3–2,0.8,Alavés,,Estadio Benito Villamarín,Hsu Jason,/en/matches/54ba655a/Real-Betis-Alaves-March-8-2021-La-Liga,,54ba655a
18,Wed,2021-03-10,19:00,Atlético Madrid,1.5,2–1,0.6,Athletic Club,,Estadio Wanda Metropolitano,Jesús Gil,/en/matches/ad5516fe/Atletico-Madrid-Athletic-Club-March-10-2021-La-Liga,,ad5516fe
27,Fri,2021-03-12,21:00,Levante,0.8,1–0,0.7,Valencia,,Estadio Ciudad de Valencia,Guillermo Cuadra,/en/matches/1ae33774/Levante-Valencia-March-12-2021-La-Liga,,1ae33774
27,Sat,2021-03-13,14:00,Alavés,1.5,1–1,1.5,Cádiz,,Estadio de Mendizorroza,Isidro Díaz de Mera,/en/matches/831d1a26/Alaves-Cadiz-March-13-2021-La-Liga,,831d1a26
27,Sat,2021-03-13,21:00,Getafe,0.7,0–0,1.6,Atlético Madrid,,Coliseum Alfonso Pérez,José Sánchez,/en/matches/eb711323/Getafe-Atletico-Madrid-March-13-2021-La-Liga,,eb711323
27,Sat,2021-03-13,18:30,Osasuna,0.6,0–0,1.0,Valladolid,,Estadio El Sadar,Ricardo de Burgos,/en/matches/b7c714cb/Osasuna-Valladolid-March-13-2021-La-Liga,,b7c714cb
27,Sat,2021-03-13,16:15,Real Madrid,1.6,2–1,0.5,Elche,,Estadio Alfredo Di Stéfano,Jorge Figueroa,/en/matches/50375aac/Real-Madrid-Elche-March-13-2021-La-Liga,,50375aac
27,Sun,2021-03-14,14:00,Celta Vigo,1.2,0–0,0.7,Athletic Club,,Estadio de Balaídos,Santiago Jaime,/en/matches/93bb4d16/Celta-Vigo-Athletic-Club-March-14-2021-La-Liga,,93bb4d16
27,Sun,2021-03-14,18:30,Eibar,1.4,1–3,2.8,Villarreal,,Estadio Municipal de Ipurúa,David Medié,/en/matches/700380cc/Eibar-Villarreal-March-14-2021-La-Liga,,700380cc
27,Sun,2021-03-14,16:15,Granada,0.4,1–0,0.4,Real Sociedad,,Estadio Nuevo Los Cármenes,Pablo González,/en/matches/2ec46088/Granada-Real-Sociedad-March-14-2021-La-Liga,,2ec46088
27,Sun,2021-03-14,21:00,Sevilla,0.6,1–0,0.7,Betis,,Estadio Ramón Sánchez Pizjuán,Antonio Matéu Lahoz,/en/matches/d72acae8/Sevilla-Real-Betis-March-14-2021-La-Liga,,d72acae8
27,Mon,2021-03-15,21:00,Barcelona,1.1,4–1,2.2,Huesca,,Camp Nou,Adrián Cordero,/en/matches/f1c35bb5/Barcelona-Huesca-March-15-2021-La-Liga,,f1c35bb5
2,Wed,2021-03-17,19:00,Sevilla,1.5,2–0,0.7,Elche,,Estadio Ramón Sánchez Pizjuán,Hsu Jason,/en/matches/cb8c2158/Sevilla-Elche-March-17-2021-La-Liga,,cb8c2158
28,Fri,2021-03-19,21:00,Betis,2.2,2–0,0.6,Levante,,Estadio Benito Villamarín,Jesús Gil,/en/matches/5dc3a9bc/Real-Betis-Levante-March-19-2021-La-Liga,,5dc3a9bc
28,Sat,2021-03-20,14:00,Athletic Club,1.6,1–1,0.6,Eibar,,San Mamés,Valentín Pizarro,/en/matches/5e16abad/Athletic-Club-Eibar-March-20-2021-La-Liga,,5e16abad
28,Sat,2021-03-20,16:15,Celta Vigo,0.6,1–3,2.5,Real Madrid,,Estadio de Balaídos,Mario Melero,/en/matches/5c9d44ac/Celta-Vigo-Real-Madrid-March-20-2021-La-Liga,,5c9d44ac
28,Sat,2021-03-20,18:30,Huesca,0.8,0–0,0.6,Osasuna,,Estadio El Alcoraz,Carlos del Cerro,/en/matches/26aeac47/Huesca-Osasuna-March-20-2021-La-Liga,,26aeac47
28,Sat,2021-03-20,21:00,Valladolid,0.9,1–1,1.0,Sevilla,,Estadio Municipal José Zorrilla,Daniel Ask,/en/matches/ebb77a41/Valladolid-Sevilla-March-20-2021-La-Liga,,ebb77a41
28,Sun,2021-03-21,18:30,Atlético Madrid,0.5,1–0,1.2,Alavés,,Estadio Wanda Metropolitano,Juan Martínez,/en/matches/710aeaff/Atletico-Madrid-Alaves-March-21-2021-La-Liga,,710aeaff
28,Sun,2021-03-21,14:00,Getafe,1.8,1–1,1.5,Elche,,Coliseum Alfonso Pérez,Alejandro Hernández,/en/matches/488033d7/Getafe-Elche-March-21-2021-La-Liga,,488033d7
28,Sun,2021-03-21,21:00,Real Sociedad,0.9,1–6,2.8,Barcelona,,Estadio Municipal de Anoeta,José Luis Munuera,/en/matches/2073a485/Real-Sociedad-Barcelona-March-21-2021-La-Liga,,2073a485
28,Sun,2021-03-21,16:15,Valencia,1.9,2–1,1.2,Granada,,Estadio de Mestalla,Hsu Jason,/en/matches/2bf1a5f7/Valencia-Granada-March-21-2021-La-Liga,,2bf1a5f7
28,Sun,2021-03-21,16:15,Villarreal,2.2,2–1,0.9,Cádiz,,Estadio de la Cerámica,César Soto,/en/matches/7ad6bd49/Villarreal-Cadiz-March-21-2021-La-Liga,,7ad6bd49
29,Fri,2021-04-02,21:00,Levante,0.6,0–2,0.8,Huesca,,Estadio Ciudad de Valencia,Jorge Figueroa,/en/matches/43956890/Levante-Huesca-April-2-2021-La-Liga,,43956890
29,Sat,2021-04-03,14:00,Granada,1.4,0–3,3.2,Villarreal,,Estadio Nuevo Los Cármenes,Guillermo Cuadra,/en/matches/8b6e4700/Granada-Villarreal-April-3-2021-La-Liga,,8b6e4700
29,Sat,2021-04-03,18:30,Osasuna,0.2,0–0,0.3,Getafe,,Estadio El Sadar,Pablo González,/en/matches/299f4bad/Osasuna-Getafe-April-3-2021-La-Liga,,299f4bad
29,Sat,2021-04-03,16:15,Real Madrid,1.8,2–0,0.4,Eibar,,Estadio Alfredo Di Stéfano,Isidro Díaz de Mera,/en/matches/68ed92e2/Real-Madrid-Eibar-April-3-2021-La-Liga,,68ed92e2
29,Sun,2021-04-04,14:00,Alavés,2.0,1–3,2.0,Celta Vigo,,Estadio de Mendizorroza,Antonio Matéu Lahoz,/en/matches/a6ab818d/Alaves-Celta-Vigo-April-4-2021-La-Liga,,a6ab818d
29,Sun,2021-04-04,18:30,Cádiz,0.6,2–1,1.2,Valencia,,Estadio Ramón de Carranza,David Medié,/en/matches/336b43a9/Cadiz-Valencia-April-4-2021-La-Liga,,336b43a9
29,Sun,2021-04-04,16:15,Elche,1.0,1–1,1.9,Betis,,Estadio Manuel Martínez Valero,Adrián Cordero,/en/matches/5f1526ca/Elche-Real-Betis-April-4-2021-La-Liga,,5f1526ca
29,Sun,2021-04-04,21:00,Sevilla,2.0,1–0,0.8,Atlético Madrid,,Estadio Ramón Sánchez Pizjuán,Jesús Gil,/en/matches/7ea0a13f/Sevilla-Atletico-Madrid-April-4-2021-La-Liga,,7ea0a13f
29,Mon,2021-04-05,21:00,Barcelona,1.6,1–0,0.4,Valladolid,,Camp Nou,Santiago Jaime,/en/matches/e7c2cb0b/Barcelona-Valladolid-April-5-2021-La-Liga,,e7c2cb0b
29,Wed,2021-04-07,21:00,Real Sociedad,0.9,1–1,0.7,Athletic Club,,Estadio Municipal de Anoeta,José Sánchez,/en/matches/2a897231/Real-Sociedad-Athletic-Club-April-7-2021-La-Liga,,2a897231
30,Fri,2021-04-09,21:00,Huesca,1.2,3–1,1.0,Elche,,Estadio El Alcoraz,Hsu Jason,/en/matches/abc54c91/Huesca-Elche-April-9-2021-La-Liga,,abc54c91
30,Sat,2021-04-10,16:15,Athletic Club,1.8,0–0,0.5,Alavés,,San Mamés,Mario Melero,/en/matches/614590ff/Athletic-Club-Alaves-April-10-2021-La-Liga,,614590ff
30,Sat,2021-04-10,18:30,Eibar,0.4,0–1,0.3,Levante,,Estadio Municipal de Ipurúa,Daniel Ask,/en/matches/35c79ec9/Eibar-Levante-April-10-2021-La-Liga,,35c79ec9
30,Sat,2021-04-10,14:00,Getafe,2.1,0–1,0.7,Cádiz,,Coliseum Alfonso Pérez,Ricardo de Burgos,/en/matches/8269f603/Getafe-Cadiz-April-10-2021-La-Liga,,8269f603
30,Sat,2021-04-10,21:00,Real Madrid,1.5,2–1,1.3,Barcelona,,Estadio Alfredo Di Stéfano,Jesús Gil,/en/matches/80b7ff24/El-Clasico-Real-Madrid-Barcelona-April-10-2021-La-Liga,,80b7ff24
30,Sun,2021-04-11,21:00,Betis,0.8,1–1,1.3,Atlético Madrid,,Estadio Benito Villamarín,Guillermo Cuadra,/en/matches/42dc1b0a/Real-Betis-Atletico-Madrid-April-11-2021-La-Liga,,42dc1b0a
30,Sun,2021-04-11,16:15,Valencia,2.3,2–2,1.0,Real Sociedad,,Estadio de Mestalla,Valentín Pizarro,/en/matches/4d40ca2b/Valencia-Real-Sociedad-April-11-2021-La-Liga,,4d40ca2b
30,Sun,2021-04-11,18:30,Valladolid,1.2,1–2,1.5,Granada,,Estadio Municipal José Zorrilla,Carlos del Cerro,/en/matches/873281ad/Valladolid-Granada-April-11-2021-La-Liga,,873281ad
30,Sun,2021-04-11,14:00,Villarreal,1.6,1–2,1.3,Osasuna,,Estadio de la Cerámica,José Luis Munuera,/en/matches/417cab0e/Villarreal-Osasuna-April-11-2021-La-Liga,,417cab0e
30,Mon,2021-04-12,21:00,Celta Vigo,2.6,3–4,1.6,Sevilla,,Estadio de Balaídos,Alejandro Hernández,/en/matches/fe809328/Celta-Vigo-Sevilla-April-12-2021-La-Liga,,fe809328
33,Sun,2021-04-18,16:15,Alavés,0.4,1–0,0.9,Huesca,,Estadio de Mendizorroza,Alejandro Hernández,/en/matches/d31d60fb/Alaves-Huesca-April-18-2021-La-Liga,,d31d60fb
33,Sun,2021-04-18,16:15,Atlético Madrid,1.9,5–0,0.0,Eibar,,Estadio Wanda Metropolitano,César Soto,/en/matches/00649977/Atletico-Madrid-Eibar-April-18-2021-La-Liga,,00649977
33,Sun,2021-04-18,18:30,Betis,0.7,2–2,1.6,Valencia,,Estadio Benito Villamarín,Hsu Jason,/en/matches/f1bf5108/Real-Betis-Valencia-April-18-2021-La-Liga,,f1bf5108
33,Sun,2021-04-18,18:30,Cádiz,0.4,0–0,0.5,Celta Vigo,,Estadio Ramón de Carranza,Pablo González,/en/matches/b054a854/Cadiz-Celta-Vigo-April-18-2021-La-Liga,,b054a854
33,Sun,2021-04-18,21:00,Getafe,1.8,0–0,0.5,Real Madrid,,Coliseum Alfonso Pérez,José Sánchez,/en/matches/e883d14a/Getafe-Real-Madrid-April-18-2021-La-Liga,,e883d14a
33,Sun,2021-04-18,21:00,Levante,1.0,1–5,1.5,Villarreal,,Estadio Ciudad de Valencia,Ricardo de Burgos,/en/matches/2e396300/Levante-Villarreal-April-18-2021-La-Liga,,2e396300
33,Sun,2021-04-18,14:00,Osasuna,0.5,2–0,0.7,Elche,,Estadio El Sadar,Jorge Figueroa,/en/matches/ffa4c963/Osasuna-Elche-April-18-2021-La-Liga,,ffa4c963
33,Sun,2021-04-18,14:00,Real Sociedad,0.3,1–2,3.4,Sevilla,,Estadio Municipal de Anoeta,Santiago Jaime,/en/matches/bf05a9de/Real-Sociedad-Sevilla-April-18-2021-La-Liga,,bf05a9de
31,Wed,2021-04-21,21:00,Alavés,1.7,2–1,1.5,Villarreal,,Estadio de Mendizorroza,Adrián Cordero,/en/matches/c9c7b3e1/Alaves-Villarreal-April-21-2021-La-Liga,,c9c7b3e1
31,Wed,2021-04-21,20:00,Betis,0.2,0–0,0.8,Athletic Club,,Estadio Benito Villamarín,David Medié,/en/matches/9458b697/Real-Betis-Athletic-Club-April-21-2021-La-Liga,,9458b697
31,Wed,2021-04-21,22:00,Cádiz,1.0,0–3,3.2,Real Madrid,,Estadio Ramón de Carranza,Antonio Matéu Lahoz,/en/matches/5f335e5c/Cadiz-Real-Madrid-April-21-2021-La-Liga,,5f335e5c
31,Wed,2021-04-21,21:00,Elche,1.5,1–1,1.1,Valladolid,,Estadio Manuel Martínez Valero,José Sánchez,/en/matches/d7d6f9c2/Elche-Valladolid-April-21-2021-La-Liga,,d7d6f9c2
31,Wed,2021-04-21,19:00,Levante,0.3,0–1,2.0,Sevilla,,Estadio Ciudad de Valencia,Valentín Pizarro,/en/matches/5e49a403/Levante-Sevilla-April-21-2021-La-Liga,,5e49a403
31,Wed,2021-04-21,19:00,Osasuna,2.9,3–1,1.1,Valencia,,Estadio El Sadar,Mario Melero,/en/matches/031c9c8a/Osasuna-Valencia-April-21-2021-La-Liga,,031c9c8a
31,Thu,2021-04-22,19:00,Atlético Madrid,2.2,2–0,1.5,Huesca,,Estadio Wanda Metropolitano,José Luis Munuera,/en/matches/e4a16c37/Atletico-Madrid-Huesca-April-22-2021-La-Liga,,e4a16c37
31,Thu,2021-04-22,22:00,Barcelona,1.7,5–2,1.5,Getafe,,Camp Nou,Jorge Figueroa,/en/matches/cfa56fb6/Barcelona-Getafe-April-22-2021-La-Liga,,cfa56fb6
31,Thu,2021-04-22,21:00,Granada,1.4,4–1,1.7,Eibar,,Estadio Nuevo Los Cármenes,Santiago Jaime,/en/matches/b56ba4bd/Granada-Eibar-April-22-2021-La-Liga,,b56ba4bd
31,Thu,2021-04-22,21:00,Real Sociedad,2.2,2–1,0.6,Celta Vigo,,Estadio Municipal de Anoeta,Jesús Gil,/en/matches/176de276/Real-Sociedad-Celta-Vigo-April-22-2021-La-Liga,,176de276
32,Sat,2021-04-24,14:00,Elche,0.4,1–0,0.3,Levante,,Estadio Manuel Martínez Valero,David Medié,/en/matches/9eb9d2a8/Elche-Levante-April-24-2021-La-Liga,,9eb9d2a8
32,Sat,2021-04-24,21:00,Real Madrid,1.0,0–0,0.9,Betis,,Estadio Alfredo Di Stéfano,Daniel Ask,/en/matches/5088847f/Real-Madrid-Real-Betis-April-24-2021-La-Liga,,5088847f
32,Sat,2021-04-24,18:30,Valencia,1.0,1–1,1.0,Alavés,,Estadio de Mestalla,Guillermo Cuadra,/en/matches/ed691114/Valencia-Alaves-April-24-2021-La-Liga,,ed691114
32,Sat,2021-04-24,16:15,Valladolid,2.9,1–1,1.1,Cádiz,,Estadio Municipal José Zorrilla,Hsu Jason,/en/matches/d8ca515c/Valladolid-Cadiz-April-24-2021-La-Liga,,d8ca515c
32,Sun,2021-04-25,21:00,Athletic Club,1.2,2–1,0.8,Atlético Madrid,,San Mamés,Pablo González,/en/matches/aded6dc3/Athletic-Club-Atletico-Madrid-April-25-2021-La-Liga,,aded6dc3
32,Sun,2021-04-25,18:30,Celta Vigo,0.7,2–1,1.4,Osasuna,,Estadio de Balaídos,César Soto,/en/matches/211cab8a/Celta-Vigo-Osasuna-April-25-2021-La-Liga,,211cab8a
32,Sun,2021-04-25,14:00,Huesca,0.8,0–2,0.7,Getafe,,Estadio El Alcoraz,Juan Martínez,/en/matches/3ee5bdac/Huesca-Getafe-April-25-2021-La-Liga,,3ee5bdac
32,Sun,2021-04-25,18:30,Sevilla,1.3,2–1,0.9,Granada,,Estadio Ramón Sánchez Pizjuán,Ricardo de Burgos,/en/matches/ba155b0e/Sevilla-Granada-April-25-2021-La-Liga,,ba155b0e
32,Sun,2021-04-25,16:15,Villarreal,0.9,1–2,2.8,Barcelona,,Estadio de la Cerámica,Carlos del Cerro,/en/matches/bcc4bf4f/Villarreal-Barcelona-April-25-2021-La-Liga,,bcc4bf4f
32,Mon,2021-04-26,21:00,Eibar,1.2,0–1,0.7,Real Sociedad,,Estadio Municipal de Ipurúa,Jorge Figueroa,/en/matches/9a4212bc/Eibar-Real-Sociedad-April-26-2021-La-Liga,,9a4212bc
33,Wed,2021-04-28,19:00,Athletic Club,1.5,2–2,0.8,Valladolid,,San Mamés,Adrián Cordero,/en/matches/838826de/Athletic-Club-Valladolid-April-28-2021-La-Liga,,838826de
33,Thu,2021-04-29,19:00,Barcelona,1.4,1–2,0.7,Granada,,Camp Nou,Pablo González,/en/matches/6f566040/Barcelona-Granada-April-29-2021-La-Liga,,6f566040
34,Fri,2021-04-30,21:00,Celta Vigo,2.3,2–0,1.2,Levante,,Estadio de Balaídos,Santiago Jaime,/en/matches/bd012499/Celta-Vigo-Levante-April-30-2021-La-Liga,,bd012499
34,Sat,2021-05-01,14:00,Eibar,1.5,3–0,0.2,Alavés,,Estadio Municipal de Ipurúa,José Luis Munuera,/en/matches/6a7247a2/Eibar-Alaves-May-1-2021-La-Liga,,6a7247a2
34,Sat,2021-05-01,16:15,Elche,1.2,0–1,0.9,Atlético Madrid,,Estadio Manuel Martínez Valero,Mario Melero,/en/matches/22ed83e0/Elche-Atletico-Madrid-May-1-2021-La-Liga,,22ed83e0
34,Sat,2021-05-01,18:30,Huesca,0.6,1–0,0.3,Real Sociedad,,Estadio El Alcoraz,Antonio Matéu Lahoz,/en/matches/ab7a4f88/Huesca-Real-Sociedad-May-1-2021-La-Liga,,ab7a4f88
34,Sat,2021-05-01,21:00,Real Madrid,1.7,2–0,0.1,Osasuna,,Estadio Alfredo Di Stéfano,Guillermo Cuadra,/en/matches/2fb94125/Real-Madrid-Osasuna-May-1-2021-La-Liga,,2fb94125
34,Sun,2021-05-02,18:30,Granada,0.9,0–1,1.2,Cádiz,,Estadio Nuevo Los Cármenes,Isidro Díaz de Mera,/en/matches/f7175d31/Granada-Cadiz-May-2-2021-La-Liga,,f7175d31
34,Sun,2021-05-02,21:00,Valencia,1.2,2–3,3.0,Barcelona,,Estadio de Mestalla,José Sánchez,/en/matches/ce4cd915/Valencia-Barcelona-May-2-2021-La-Liga,,ce4cd915
34,Sun,2021-05-02,14:00,Valladolid,1.2,1–1,2.2,Betis,,Estadio Municipal José Zorrilla,Valentín Pizarro,/en/matches/ef8d1266/Valladolid-Real-Betis-May-2-2021-La-Liga,,ef8d1266
34,Sun,2021-05-02,16:15,Villarreal,0.2,1–0,0.6,Getafe,,Estadio de la Cerámica,Daniel Ask,/en/matches/9bc3d478/Villarreal-Getafe-May-2-2021-La-Liga,,9bc3d478
34,Mon,2021-05-03,21:00,Sevilla,1.1,0–1,0.7,Athletic Club,,Estadio Ramón Sánchez Pizjuán,Jesús Gil,/en/matches/6cffc26b/Sevilla-Athletic-Club-May-3-2021-La-Liga,,6cffc26b
35,Fri,2021-05-07,21:00,Real Sociedad,2.4,2–0,0.2,Elche,,Estadio Municipal de Anoeta,Adrián Cordero,/en/matches/2af7604d/Real-Sociedad-Elche-May-7-2021-La-Liga,,2af7604d
35,Sat,2021-05-08,14:00,Alavés,1.2,2–2,0.8,Levante,,Estadio de Mendizorroza,Carlos del Cerro,/en/matches/791f3004/Alaves-Levante-May-8-2021-La-Liga,,791f3004
35,Sat,2021-05-08,21:00,Athletic Club,1.6,2–2,1.3,Osasuna,,San Mamés,Valentín Pizarro,/en/matches/471d89ca/Athletic-Club-Osasuna-May-8-2021-La-Liga,,471d89ca
35,Sat,2021-05-08,16:15,Barcelona,0.9,0–0,0.8,Atlético Madrid,,Camp Nou,Antonio Matéu Lahoz,/en/matches/820b4053/Barcelona-Atletico-Madrid-May-8-2021-La-Liga,,820b4053
35,Sat,2021-05-08,18:30,Cádiz,0.9,2–1,0.7,Huesca,,Estadio Ramón de Carranza,Alejandro Hernández,/en/matches/7ba3c536/Cadiz-Huesca-May-8-2021-La-Liga,,7ba3c536
35,Sun,2021-05-09,14:00,Getafe,0.8,0–1,1.1,Eibar,,Coliseum Alfonso Pérez,Hsu Jason,/en/matches/e375625a/Getafe-Eibar-May-9-2021-La-Liga,,e375625a
35,Sun,2021-05-09,21:00,Real Madrid,0.9,2–2,1.2,Sevilla,,Estadio Alfredo Di Stéfano,Juan Martínez,/en/matches/991dad04/Real-Madrid-Sevilla-May-9-2021-La-Liga,,991dad04
35,Sun,2021-05-09,16:15,Valencia,1.3,3–0,1.0,Valladolid,,Estadio de Mestalla,Jesús Gil,/en/matches/faf78ebc/Valencia-Valladolid-May-9-2021-La-Liga,,faf78ebc
35,Sun,2021-05-09,18:30,Villarreal,3.0,2–4,2.0,Celta Vigo,,Estadio de la Cerámica,David Medié,/en/matches/d05f0a0e/Villarreal-Celta-Vigo-May-9-2021-La-Liga,,d05f0a0e
35,Mon,2021-05-10,21:00,Betis,1.7,2–1,1.5,Granada,,Estadio Benito Villamarín,César Soto,/en/matches/ef46e4d9/Real-Betis-Granada-May-10-2021-La-Liga,,ef46e4d9
36,Tue,2021-05-11,20:00,Elche,0.8,0–2,1.6,Alavés,,Estadio Manuel Martínez Valero,Pablo González,/en/matches/ab567ead/Elche-Alaves-May-11-2021-La-Liga,,ab567ead
36,Tue,2021-05-11,22:00,Levante,1.1,3–3,2.7,Barcelona,,Estadio Ciudad de Valencia,José Luis Munuera,/en/matches/69a3efe4/Levante-Barcelona-May-11-2021-La-Liga,,69a3efe4
36,Tue,2021-05-11,19:00,Osasuna,2.1,3–2,1.7,Cádiz,,Estadio El Sadar,Santiago Jaime,/en/matches/77a47d2f/Osasuna-Cadiz-May-11-2021-La-Liga,,77a47d2f
36,Wed,2021-05-12,22:00,Atlético Madrid,1.4,2–1,1.7,Real Sociedad,,Estadio Wanda Metropolitano,Guillermo Cuadra,/en/matches/84359d83/Atletico-Madrid-Real-Sociedad-May-12-2021-La-Liga,,84359d83
36,Wed,2021-05-12,20:00,Celta Vigo,0.4,1–0,1.3,Getafe,,Estadio de Balaídos,Mario Melero,/en/matches/92f705d2/Celta-Vigo-Getafe-May-12-2021-La-Liga,,92f705d2
36,Wed,2021-05-12,20:00,Huesca,1.0,1–0,0.2,Athletic Club,,Estadio El Alcoraz,Jorge Figueroa,/en/matches/90eb1c30/Huesca-Athletic-Club-May-12-2021-La-Liga,,90eb1c30
36,Wed,2021-05-12,19:00,Sevilla,0.9,1–0,0.4,Valencia,,Estadio Ramón Sánchez Pizjuán,Daniel Ask,/en/matches/3b41eded/Sevilla-Valencia-May-12-2021-La-Liga,,3b41eded
36,Thu,2021-05-13,20:00,Eibar,1.2,1–1,0.8,Betis,,Estadio Municipal de Ipurúa,Isidro Díaz de Mera,/en/matches/cb63801a/Eibar-Real-Betis-May-13-2021-La-Liga,,cb63801a
36,Thu,2021-05-13,22:00,Granada,1.9,1–4,1.3,Real Madrid,,Estadio Nuevo Los Cármenes,Jesús Gil,/en/matches/b3c94637/Granada-Real-Madrid-May-13-2021-La-Liga,,b3c94637
36,Thu,2021-05-13,19:00,Valladolid,1.0,0–2,0.6,Villarreal,,Estadio Municipal José Zorrilla,Ricardo de Burgos,/en/matches/fbd8b774/Valladolid-Villarreal-May-13-2021-La-Liga,,fbd8b774
37,Sun,2021-05-16,18:30,Alavés,2.4,4–2,0.8,Granada,,Estadio de Mendizorroza,José Sánchez,/en/matches/86f0be96/Alaves-Granada-May-16-2021-La-Liga,,86f0be96
37,Sun,2021-05-16,18:30,Athletic Club,0.7,0–1,1.0,Real Madrid,,San Mamés,Antonio Matéu Lahoz,/en/matches/a899ad92/Athletic-Club-Real-Madrid-May-16-2021-La-Liga,,a899ad92
37,Sun,2021-05-16,18:30,Atlético Madrid,2.6,2–1,0.3,Osasuna,,Estadio Wanda Metropolitano,Juan Martínez,/en/matches/a3256b9c/Atletico-Madrid-Osasuna-May-16-2021-La-Liga,,a3256b9c
37,Sun,2021-05-16,18:30,Barcelona,2.5,1–2,0.7,Celta Vigo,,Camp Nou,Ricardo de Burgos,/en/matches/da47580f/Barcelona-Celta-Vigo-May-16-2021-La-Liga,,da47580f
37,Sun,2021-05-16,18:30,Betis,1.1,1–0,0.3,Huesca,,Estadio Benito Villamarín,Pablo González,/en/matches/2388c6bb/Real-Betis-Huesca-May-16-2021-La-Liga,,2388c6bb
37,Sun,2021-05-16,18:30,Cádiz,1.1,1–3,2.4,Elche,,Estadio Ramón de Carranza,César Soto,/en/matches/35e35bc8/Cadiz-Elche-May-16-2021-La-Liga,,35e35bc8
37,Sun,2021-05-16,18:30,Getafe,0.5,2–1,0.5,Levante,,Coliseum Alfonso Pérez,Adrián Cordero,/en/matches/e57234f2/Getafe-Levante-May-16-2021-La-Liga,,e57234f2
37,Sun,2021-05-16,18:30,Real Sociedad,1.8,4–1,1.6,Valladolid,,Estadio Municipal de Anoeta,Carlos del Cerro,/en/matches/3a0b5ced/Real-Sociedad-Valladolid-May-16-2021-La-Liga,,3a0b5ced
37,Sun,2021-05-16,18:30,Valencia,1.3,4–1,2.3,Eibar,2689,Estadio de Mestalla,Valentín Pizarro,/en/matches/7957c27b/Valencia-Eibar-May-16-2021-La-Liga,,7957c27b
37,Sun,2021-05-16,18:30,Villarreal,1.2,4–0,1.6,Sevilla,4800,Estadio de la Cerámica,Guillermo Cuadra,/en/matches/3854ef52/Villarreal-Sevilla-May-16-2021-La-Liga,,3854ef52
38,Fri,2021-05-21,21:00,Levante,1.5,2–2,0.5,Cádiz,,Estadio Ciudad de Valencia,Daniel Ask,/en/matches/0e1c936b/Levante-Cadiz-May-21-2021-La-Liga,,0e1c936b
38,Sat,2021-05-22,18:00,Celta Vigo,1.3,2–3,2.3,Betis,1738,Estadio de Balaídos,Jesús Gil,/en/matches/657068b1/Celta-Vigo-Real-Betis-May-22-2021-La-Liga,,657068b1
38,Sat,2021-05-22,18:00,Eibar,1.7,0–1,0.3,Barcelona,,Estadio Municipal de Ipurúa,Santiago Jaime,/en/matches/87ecc4f1/Eibar-Barcelona-May-22-2021-La-Liga,,87ecc4f1
38,Sat,2021-05-22,18:00,Elche,1.0,2–0,0.5,Athletic Club,3518,Estadio Manuel Martínez Valero,Carlos del Cerro,/en/matches/4d8f1764/Elche-Athletic-Club-May-22-2021-La-Liga,,4d8f1764
38,Sat,2021-05-22,18:00,Huesca,1.3,0–0,0.5,Valencia,,Estadio El Alcoraz,Guillermo Cuadra,/en/matches/21e51080/Huesca-Valencia-May-22-2021-La-Liga,,21e51080
38,Sat,2021-05-22,18:00,Osasuna,0.4,0–1,2.0,Real Sociedad,,Estadio El Sadar,Jorge Figueroa,/en/matches/241c5eb5/Osasuna-Real-Sociedad-May-22-2021-La-Liga,,241c5eb5
38,Sat,2021-05-22,18:00,Real Madrid,1.2,2–1,0.6,Villarreal,,Estadio Alfredo Di Stéfano,José Luis Munuera,/en/matches/174afca1/Real-Madrid-Villarreal-May-22-2021-La-Liga,,174afca1
38,Sat,2021-05-22,18:00,Valladolid,1.1,1–2,1.4,Atlético Madrid,,Estadio Municipal José Zorrilla,José Sánchez,/en/matches/7550edb7/Valladolid-Atletico-Madrid-May-22-2021-La-Liga,,7550edb7
38,Sun,2021-05-23,18:30,Granada,0.4,0–0,0.6,Getafe,,Estadio Nuevo Los Cármenes,David Medié,/en/matches/f7b3d2ce/Granada-Getafe-May-23-2021-La-Liga,,f7b3d2ce
38,Sun,2021-05-23,21:00,Sevilla,0.4,1–0,1.1,Alavés,,Estadio Ramón Sánchez Pizjuán,Isidro Díaz de Mera,/en/matches/c36a1062/Sevilla-Alaves-May-23-2021-La-Liga,,c36a1062
