week,day,date,time,home_team,home_xg,score,away_xg,away_team,attendance,venue,referee,match_report,notes,game_id
1,Thu,2024-08-15,19:00,Athletic Club,0.3,1–1,0.8,Getafe,47845,San Mamés,Alejandro Muñíz,/en/matches/32bb9a67/Athletic-Club-Getafe-August-15-2024-La-Liga,,32bb9a67
1,Thu,2024-08-15,21:30,Betis,1.4,1–1,1.6,Girona,54084,Estadio Benito Villamarín,Miguel Ángel Ortiz Arias,/en/matches/f13e982e/Real-Betis-Girona-August-15-2024-La-Liga,,f13e982e
1,Fri,2024-08-16,19:00,Celta Vigo,0.8,2–1,1.6,Alavés,22477,Estadio Abanca Balaídos,Alejandro Quintero,/en/matches/3c487349/Celta-Vigo-Alaves-August-16-2024-La-Liga,,3c487349
1,Fri,2024-08-16,20:30,Las Palmas,1.4,2–2,1.8,Sevilla,24843,Estadio de Gran Canaria,Francisco Hernández,/en/matches/82605913/Las-Palmas-Sevilla-August-16-2024-La-Liga,,82605913
1,Sat,2024-08-17,19:00,Osasuna,1.7,1–1,1.0,Leganés,19561,Estadio El Sadar,Juan Pulido,/en/matches/e593cd07/Osasuna-Leganes-August-17-2024-La-Liga,,e593cd07
1,Sat,2024-08-17,21:30,Valencia,1.0,1–2,3.2,Barcelona,46673,Estadio de Mestalla,Jose Maria Sánchez,/en/matches/6f0fac43/Valencia-Barcelona-August-17-2024-La-Liga,,6f0fac43
1,Sun,2024-08-18,21:30,Mallorca,1.0,1–1,0.6,Real Madrid,23010,Estadi Mallorca Son Moix,César Soto,/en/matches/c6b7a6e0/Mallorca-Real-Madrid-August-18-2024-La-Liga,,c6b7a6e0
1,Sun,2024-08-18,19:00,Real Sociedad,1.1,1–2,1.1,Rayo Vallecano,31763,Reale Arena,Alejandro Hernández,/en/matches/e826cf9e/Real-Sociedad-Rayo-Vallecano-August-18-2024-La-Liga,,e826cf9e
1,Mon,2024-08-19,19:00,Valladolid,0.8,1–0,0.7,Espanyol,22027,Estadio Municipal José Zorrilla,Pablo González,/en/matches/43c02c2b/Valladolid-Espanyol-August-19-2024-La-Liga,,43c02c2b
1,Mon,2024-08-19,21:30,Villarreal,0.8,2–2,1.1,Atlético Madrid,21566,Estadio de la Cerámica,Guillermo Cuadra,/en/matches/2a59dd47/Villarreal-Atletico-Madrid-August-19-2024-La-Liga,,2a59dd47
2,Fri,2024-08-23,19:00,Celta Vigo,1.3,3–1,0.9,Valencia,23519,Estadio Abanca Balaídos,José Luis Munuera,/en/matches/95447cec/Celta-Vigo-Valencia-August-23-2024-La-Liga,,95447cec
2,Fri,2024-08-23,21:30,Sevilla,1.0,1–2,0.9,Villarreal,34004,Estadio Ramón Sánchez Pizjuán,Isidro Díaz de Mera,/en/matches/0d54805a/Sevilla-Villarreal-August-23-2024-La-Liga,,0d54805a
2,Sat,2024-08-24,19:00,Barcelona,1.8,2–1,1.0,Athletic Club,46448,Estadi Olímpic Lluís Companys,Jesús Gil,/en/matches/87bc9bba/Barcelona-Athletic-Club-August-24-2024-La-Liga,,87bc9bba
2,Sat,2024-08-24,21:30,Espanyol,1.6,0–1,0.8,Real Sociedad,20900,RCDE Stadium,Mario Melero,/en/matches/3c8fe9de/Espanyol-Real-Sociedad-August-24-2024-La-Liga,,3c8fe9de
2,Sat,2024-08-24,21:30,Getafe,0.5,0–0,0.2,Rayo Vallecano,9529,Coliseum Alfonso Pérez,Javier Alberola,/en/matches/e11566fd/Getafe-Rayo-Vallecano-August-24-2024-La-Liga,,e11566fd
2,Sat,2024-08-24,17:00,Osasuna,0.6,1–0,0.6,Mallorca,19900,Estadio El Sadar,Adrián Cordero,/en/matches/384225d1/Osasuna-Mallorca-August-24-2024-La-Liga,,384225d1
2,Sun,2024-08-25,19:15,Alavés,0.2,0–0,1.5,Betis,16623,Estadio de Mendizorroza,Mateo Busquets,/en/matches/b757e16f/Alaves-Real-Betis-August-25-2024-La-Liga,,b757e16f
2,Sun,2024-08-25,21:30,Atlético Madrid,1.2,3–0,0.7,Girona,60414,Riyadh Air Metropolitan Stadium,Juan Martínez,/en/matches/c6c0a3d3/Atletico-Madrid-Girona-August-25-2024-La-Liga,,c6c0a3d3
2,Sun,2024-08-25,19:00,Leganés,1.5,2–1,0.9,Las Palmas,10052,Estadio Municipal de Butarque,Ricardo de Burgos,/en/matches/b1f96209/Leganes-Las-Palmas-August-25-2024-La-Liga,,b1f96209
2,Sun,2024-08-25,17:00,Real Madrid,2.1,3–0,0.4,Valladolid,70178,Estadio Santiago Bernabéu,Víctor García,/en/matches/3f2f6c96/Real-Madrid-Valladolid-August-25-2024-La-Liga,,3f2f6c96
3,Mon,2024-08-26,21:30,Villarreal,3.6,4–3,2.7,Celta Vigo,19651,Estadio de la Cerámica,Miguel Ángel Ortiz Arias,/en/matches/050fe7c2/Villarreal-Celta-Vigo-August-26-2024-La-Liga,,050fe7c2
3,Tue,2024-08-27,19:00,Mallorca,0.9,0–0,0.7,Sevilla,20470,Estadi Mallorca Son Moix,Alejandro Muñíz,/en/matches/6049a447/Mallorca-Sevilla-August-27-2024-La-Liga,,6049a447
3,Tue,2024-08-27,21:30,Rayo Vallecano,0.4,1–2,1.4,Barcelona,14031,Campo de Fútbol de Vallecas,César Soto,/en/matches/f8fc00c7/Rayo-Vallecano-Barcelona-August-27-2024-La-Liga,,f8fc00c7
3,Wed,2024-08-28,19:00,Athletic Club,1.4,1–0,0.1,Valencia,48644,San Mamés,Pablo González,/en/matches/acc2bc45/Athletic-Club-Valencia-August-28-2024-La-Liga,,acc2bc45
3,Wed,2024-08-28,21:30,Atlético Madrid,2.3,0–0,0.6,Espanyol,56669,Riyadh Air Metropolitan Stadium,Ricardo de Burgos,/en/matches/ef04c85d/Atletico-Madrid-Espanyol-August-28-2024-La-Liga,,ef04c85d
3,Wed,2024-08-28,21:30,Real Sociedad,1.0,1–2,1.6,Alavés,32220,Reale Arena,Jose Maria Sánchez,/en/matches/71669703/Real-Sociedad-Alaves-August-28-2024-La-Liga,,71669703
3,Wed,2024-08-28,19:00,Valladolid,1.1,0–0,0.2,Leganés,21764,Estadio Municipal José Zorrilla,Alejandro Quintero,/en/matches/843a0b94/Valladolid-Leganes-August-28-2024-La-Liga,,843a0b94
3,Thu,2024-08-29,19:00,Girona,2.4,4–0,0.0,Osasuna,13275,Estadi Municipal de Montilivi,Francisco Hernández,/en/matches/6e8b4c78/Girona-Osasuna-August-29-2024-La-Liga,,6e8b4c78
3,Thu,2024-08-29,20:30,Las Palmas,0.8,1–1,2.5,Real Madrid,31192,Estadio de Gran Canaria,Mateo Busquets,/en/matches/173a87bb/Las-Palmas-Real-Madrid-August-29-2024-La-Liga,,173a87bb
4,Sat,2024-08-31,19:00,Athletic Club,0.3,0–1,1.7,Atlético Madrid,48617,San Mamés,Alejandro Hernández,/en/matches/d554e8b9/Athletic-Club-Atletico-Madrid-August-31-2024-La-Liga,,d554e8b9
4,Sat,2024-08-31,17:00,Barcelona,4.7,7–0,0.5,Valladolid,44359,Estadi Olímpic Lluís Companys,Isidro Díaz de Mera,/en/matches/3ed1b8ff/Barcelona-Valladolid-August-31-2024-La-Liga,,3ed1b8ff
4,Sat,2024-08-31,19:15,Espanyol,1.6,2–1,1.3,Rayo Vallecano,22405,RCDE Stadium,Adrián Cordero,/en/matches/02bfae4e/Espanyol-Rayo-Vallecano-August-31-2024-La-Liga,,02bfae4e
4,Sat,2024-08-31,21:30,Leganés,0.3,0–1,1.0,Mallorca,10482,Estadio Municipal de Butarque,Mario Melero,/en/matches/2053d836/Leganes-Mallorca-August-31-2024-La-Liga,,2053d836
4,Sat,2024-08-31,21:30,Valencia,1.1,1–1,0.5,Villarreal,43857,Estadio de Mestalla,Jesús Gil,/en/matches/e79d506b/Valencia-Villarreal-August-31-2024-La-Liga,,e79d506b
4,Sun,2024-09-01,17:00,Alavés,2.0,2–0,0.7,Las Palmas,16386,Estadio de Mendizorroza,Víctor García,/en/matches/572463cb/Alaves-Las-Palmas-September-1-2024-La-Liga,,572463cb
4,Sun,2024-09-01,19:15,Getafe,0.6,0–0,0.0,Real Sociedad,10929,Coliseum Alfonso Pérez,José Luis Munuera,/en/matches/5a140caa/Getafe-Real-Sociedad-September-1-2024-La-Liga,,5a140caa
4,Sun,2024-09-01,17:00,Osasuna,0.9,3–2,1.7,Celta Vigo,19908,Estadio El Sadar,Juan Martínez,/en/matches/7aa26780/Osasuna-Celta-Vigo-September-1-2024-La-Liga,,7aa26780
4,Sun,2024-09-01,21:30,Real Madrid,2.4,2–0,0.6,Betis,73072,Estadio Santiago Bernabéu,Javier Alberola,/en/matches/f8b3c447/Real-Madrid-Real-Betis-September-1-2024-La-Liga,,f8b3c447
4,Sun,2024-09-01,19:00,Sevilla,0.9,0–2,1.9,Girona,35735,Estadio Ramón Sánchez Pizjuán,Jose Maria Sánchez,/en/matches/50cdc0c9/Sevilla-Girona-September-1-2024-La-Liga,,50cdc0c9
5,Fri,2024-09-13,21:00,Betis,2.1,2–0,0.1,Leganés,48089,Estadio Benito Villamarín,Pablo González,/en/matches/3c660029/Real-Betis-Leganes-September-13-2024-La-Liga,,3c660029
5,Sat,2024-09-14,16:15,Espanyol,1.6,3–2,1.9,Alavés,24238,RCDE Stadium,Juan Pulido,/en/matches/28cd11c2/Espanyol-Alaves-September-14-2024-La-Liga,,28cd11c2
5,Sat,2024-09-14,14:00,Mallorca,0.3,1–2,1.8,Villarreal,18303,Estadi Mallorca Son Moix,Ricardo de Burgos,/en/matches/4f2bd132/Mallorca-Villarreal-September-14-2024-La-Liga,,4f2bd132
5,Sat,2024-09-14,21:00,Real Sociedad,1.1,0–2,2.3,Real Madrid,37370,Reale Arena,Juan Martínez,/en/matches/50a17164/Real-Sociedad-Real-Madrid-September-14-2024-La-Liga,,50a17164
5,Sat,2024-09-14,18:30,Sevilla,1.4,1–0,1.0,Getafe,32643,Estadio Ramón Sánchez Pizjuán,Mateo Busquets,/en/matches/a214487d/Sevilla-Getafe-September-14-2024-La-Liga,,a214487d
5,Sun,2024-09-15,21:00,Atlético Madrid,3.1,3–0,0.1,Valencia,61752,Riyadh Air Metropolitan Stadium,César Soto,/en/matches/e1e5325c/Atletico-Madrid-Valencia-September-15-2024-La-Liga,,e1e5325c
5,Sun,2024-09-15,14:00,Celta Vigo,1.8,3–1,0.5,Valladolid,21670,Estadio Abanca Balaídos,Francisco Hernández,/en/matches/72aa5092/Celta-Vigo-Valladolid-September-15-2024-La-Liga,,72aa5092
5,Sun,2024-09-15,16:15,Girona,1.3,1–4,1.9,Barcelona,13891,Estadi Municipal de Montilivi,Alejandro Muñíz,/en/matches/f166ffc9/Girona-Barcelona-September-15-2024-La-Liga,,f166ffc9
5,Sun,2024-09-15,17:30,Las Palmas,1.4,2–3,1.7,Athletic Club,25908,Estadio de Gran Canaria,Miguel Ángel Ortiz Arias,/en/matches/defd20c7/Las-Palmas-Athletic-Club-September-15-2024-La-Liga,,defd20c7
5,Mon,2024-09-16,21:00,Rayo Vallecano,1.6,3–1,0.3,Osasuna,13073,Campo de Fútbol de Vallecas,Alejandro Quintero,/en/matches/b5605cb6/Rayo-Vallecano-Osasuna-September-16-2024-La-Liga,,b5605cb6
7,Tue,2024-09-17,19:00,Mallorca,1.2,1–0,0.6,Real Sociedad,17132,Estadi Mallorca Son Moix,Adrián Cordero,/en/matches/6ced9ec5/Mallorca-Real-Sociedad-September-17-2024-La-Liga,,6ced9ec5
3,Wed,2024-09-18,19:00,Betis,2.6,2–1,0.6,Getafe,48547,Estadio Benito Villamarín,Juan Pulido,/en/matches/d2722540/Real-Betis-Getafe-September-18-2024-La-Liga,,d2722540
7,Thu,2024-09-19,19:00,Leganés,0.9,0–2,1.3,Athletic Club,8304,Estadio Municipal de Butarque,Francisco Hernández,/en/matches/613f75be/Leganes-Athletic-Club-September-19-2024-La-Liga,,613f75be
6,Fri,2024-09-20,21:00,Alavés,1.1,2–1,0.5,Sevilla,16538,Estadio de Mendizorroza,Javier Alberola,/en/matches/f32a65e4/Alaves-Sevilla-September-20-2024-La-Liga,,f32a65e4
6,Sat,2024-09-21,16:15,Osasuna,1.9,2–1,0.8,Las Palmas,19043,Estadio El Sadar,Isidro Díaz de Mera,/en/matches/9c8b0304/Osasuna-Las-Palmas-September-21-2024-La-Liga,,9c8b0304
6,Sat,2024-09-21,21:00,Real Madrid,4.4,4–1,0.3,Espanyol,17284,Estadio Santiago Bernabéu,José Luis Munuera,/en/matches/a46e38e7/Real-Madrid-Espanyol-September-21-2024-La-Liga,,a46e38e7
6,Sat,2024-09-21,18:30,Valencia,0.4,2–0,0.4,Girona,40896,Estadio de Mestalla,Alejandro Hernández,/en/matches/131899cd/Valencia-Girona-September-21-2024-La-Liga,,131899cd
6,Sat,2024-09-21,14:00,Valladolid,1.0,0–0,1.4,Real Sociedad,21171,Estadio Municipal José Zorrilla,Guillermo Cuadra,/en/matches/cddbefd1/Valladolid-Real-Sociedad-September-21-2024-La-Liga,,cddbefd1
6,Sun,2024-09-22,16:15,Athletic Club,0.7,3–1,1.3,Celta Vigo,48737,San Mamés,Jose Maria Sánchez,/en/matches/d67421c6/Athletic-Club-Celta-Vigo-September-22-2024-La-Liga,,d67421c6
6,Sun,2024-09-22,14:00,Getafe,1.5,1–1,0.6,Leganés,13060,Coliseum Alfonso Pérez,Adrián Cordero,/en/matches/f5dbb50d/Getafe-Leganes-September-22-2024-La-Liga,,f5dbb50d
6,Sun,2024-09-22,21:00,Rayo Vallecano,1.7,1–1,0.5,Atlético Madrid,13646,Campo de Fútbol de Vallecas,Mario Melero,/en/matches/75fab2fb/Rayo-Vallecano-Atletico-Madrid-September-22-2024-La-Liga,,75fab2fb
6,Sun,2024-09-22,18:30,Villarreal,2.2,1–5,3.9,Barcelona,22048,Estadio de la Cerámica,Mateo Busquets,/en/matches/79c38937/Villarreal-Barcelona-September-22-2024-La-Liga,,79c38937
6,Mon,2024-09-23,21:00,Betis,1.0,1–2,1.0,Mallorca,47017,Estadio Benito Villamarín,Víctor García,/en/matches/c7505bdc/Real-Betis-Mallorca-September-23-2024-La-Liga,,c7505bdc
7,Tue,2024-09-24,21:00,Real Madrid,1.3,3–2,0.9,Alavés,67480,Estadio Santiago Bernabéu,Alejandro Muñíz,/en/matches/618988b7/Real-Madrid-Alaves-September-24-2024-La-Liga,,618988b7
7,Tue,2024-09-24,19:00,Sevilla,2.1,2–1,0.7,Valladolid,35292,Estadio Ramón Sánchez Pizjuán,Juan Pulido,/en/matches/3ee384b4/Sevilla-Valladolid-September-24-2024-La-Liga,,3ee384b4
7,Tue,2024-09-24,19:00,Valencia,0.7,0–0,0.5,Osasuna,40425,Estadio de Mestalla,Miguel Ángel Ortiz Arias,/en/matches/b979258f/Valencia-Osasuna-September-24-2024-La-Liga,,b979258f
7,Wed,2024-09-25,21:00,Barcelona,1.9,1–0,0.7,Getafe,44407,Estadi Olímpic Lluís Companys,Pablo González,/en/matches/231f83bc/Barcelona-Getafe-September-25-2024-La-Liga,,231f83bc
7,Wed,2024-09-25,19:00,Girona,2.0,0–0,0.5,Rayo Vallecano,12272,Estadi Municipal de Montilivi,Juan Martínez,/en/matches/07598e53/Girona-Rayo-Vallecano-September-25-2024-La-Liga,,07598e53
7,Thu,2024-09-26,21:00,Celta Vigo,1.5,0–1,0.6,Atlético Madrid,21533,Estadio Abanca Balaídos,Víctor García,/en/matches/01197df1/Celta-Vigo-Atletico-Madrid-September-26-2024-La-Liga,,01197df1
7,Thu,2024-09-26,19:00,Espanyol,0.4,1–2,1.6,Villarreal,23147,RCDE Stadium,Alejandro Quintero,/en/matches/aef7cc8d/Espanyol-Villarreal-September-26-2024-La-Liga,,aef7cc8d
7,Thu,2024-09-26,18:00,Las Palmas,1.0,1–1,1.9,Betis,22722,Estadio de Gran Canaria,Jose Maria Sánchez,/en/matches/94fe3705/Las-Palmas-Real-Betis-September-26-2024-La-Liga,,94fe3705
8,Fri,2024-09-27,21:00,Valladolid,1.2,1–2,2.2,Mallorca,20388,Estadio Municipal José Zorrilla,José Luis Munuera,/en/matches/d59e698a/Valladolid-Mallorca-September-27-2024-La-Liga,,d59e698a
8,Sat,2024-09-28,14:00,Getafe,2.1,2–0,0.5,Alavés,10006,Coliseum Alfonso Pérez,Isidro Díaz de Mera,/en/matches/c745f73f/Getafe-Alaves-September-28-2024-La-Liga,,c745f73f
8,Sat,2024-09-28,21:00,Osasuna,2.2,4–2,0.8,Barcelona,22322,Estadio El Sadar,Guillermo Cuadra,/en/matches/d5c58cc9/Osasuna-Barcelona-September-28-2024-La-Liga,,d5c58cc9
8,Sat,2024-09-28,16:15,Rayo Vallecano,0.9,1–1,0.9,Leganés,13186,Campo de Fútbol de Vallecas,Alejandro Muñíz,/en/matches/edd88e45/Rayo-Vallecano-Leganes-September-28-2024-La-Liga,,edd88e45
8,Sat,2024-09-28,18:30,Real Sociedad,3.4,3–0,0.8,Valencia,32332,Reale Arena,Javier Alberola,/en/matches/6dfa7503/Real-Sociedad-Valencia-September-28-2024-La-Liga,,6dfa7503
8,Sun,2024-09-29,16:15,Athletic Club,2.0,1–1,1.1,Sevilla,48288,San Mamés,César Soto,/en/matches/9b519ed0/Athletic-Club-Sevilla-September-29-2024-La-Liga,,9b519ed0
8,Sun,2024-09-29,21:00,Atlético Madrid,1.3,1–1,0.8,Real Madrid,70112,Riyadh Air Metropolitan Stadium,Mateo Busquets,/en/matches/0df1f571/El-Derbi-Madrileno-Atletico-Madrid-Real-Madrid-September-29-2024-La-Liga,,0df1f571
8,Sun,2024-09-29,18:30,Betis,2.1,1–0,0.5,Espanyol,53065,Estadio Benito Villamarín,Alejandro Hernández,/en/matches/650b3ea7/Real-Betis-Espanyol-September-29-2024-La-Liga,,650b3ea7
8,Sun,2024-09-29,14:00,Celta Vigo,0.5,1–1,0.8,Girona,21347,Estadio Abanca Balaídos,Ricardo de Burgos,/en/matches/4c283fa8/Celta-Vigo-Girona-September-29-2024-La-Liga,,4c283fa8
8,Mon,2024-09-30,21:00,Villarreal,2.8,3–1,0.9,Las Palmas,18159,Estadio de la Cerámica,Mario Melero,/en/matches/3ecbf46e/Villarreal-Las-Palmas-September-30-2024-La-Liga,,3ecbf46e
9,Fri,2024-10-04,21:00,Leganés,0.8,0–0,0.5,Valencia,10958,Estadio Municipal de Butarque,Alejandro Quintero,/en/matches/18dc29a4/Leganes-Valencia-October-4-2024-La-Liga,,18dc29a4
9,Sat,2024-10-05,14:00,Espanyol,0.9,2–1,1.6,Mallorca,24434,RCDE Stadium,Francisco Hernández,/en/matches/d2dd62e7/Espanyol-Mallorca-October-5-2024-La-Liga,,d2dd62e7
9,Sat,2024-10-05,16:15,Getafe,0.8,1–1,0.3,Osasuna,10670,Coliseum Alfonso Pérez,Jose Maria Sánchez,/en/matches/fdd30e13/Getafe-Osasuna-October-5-2024-La-Liga,,fdd30e13
9,Sat,2024-10-05,17:30,Las Palmas,1.3,0–1,0.8,Celta Vigo,21482,Estadio de Gran Canaria,Adrián Cordero,/en/matches/8f767bea/Las-Palmas-Celta-Vigo-October-5-2024-La-Liga,,8f767bea
9,Sat,2024-10-05,21:00,Real Madrid,0.5,2–0,1.1,Villarreal,73842,Estadio Santiago Bernabéu,Guillermo Cuadra,/en/matches/9bf91e35/Real-Madrid-Villarreal-October-5-2024-La-Liga,,9bf91e35
9,Sat,2024-10-05,18:30,Valladolid,2.0,1–2,1.5,Rayo Vallecano,21112,Estadio Municipal José Zorrilla,Pablo González,/en/matches/59703f58/Valladolid-Rayo-Vallecano-October-5-2024-La-Liga,,59703f58
9,Sun,2024-10-06,16:15,Alavés,0.7,0–3,2.7,Barcelona,19468,Estadio de Mendizorroza,Miguel Ángel Ortiz Arias,/en/matches/ba5dd68e/Alaves-Barcelona-October-6-2024-La-Liga,,ba5dd68e
9,Sun,2024-10-06,14:00,Girona,1.9,2–1,3.1,Athletic Club,13396,Estadi Municipal de Montilivi,Juan Pulido,/en/matches/7d98a38f/Girona-Athletic-Club-October-6-2024-La-Liga,,7d98a38f
9,Sun,2024-10-06,21:00,Real Sociedad,1.0,1–1,0.5,Atlético Madrid,31983,Reale Arena,Isidro Díaz de Mera,/en/matches/069145b6/Real-Sociedad-Atletico-Madrid-October-6-2024-La-Liga,,069145b6
9,Sun,2024-10-06,18:30,Sevilla,1.4,1–0,0.6,Betis,42571,Estadio Ramón Sánchez Pizjuán,Juan Martínez,/en/matches/c9404de2/Sevilla-Real-Betis-October-6-2024-La-Liga,,c9404de2
10,Fri,2024-10-18,21:00,Alavés,0.5,2–3,2.4,Valladolid,16904,Estadio de Mendizorroza,Mario Melero,/en/matches/a0c7186e/Alaves-Valladolid-October-18-2024-La-Liga,,a0c7186e
10,Sat,2024-10-19,14:00,Athletic Club,1.3,4–1,0.2,Espanyol,46713,San Mamés,Mateo Busquets,/en/matches/0425fc2d/Athletic-Club-Espanyol-October-19-2024-La-Liga,,0425fc2d
10,Sat,2024-10-19,21:00,Celta Vigo,1.8,1–2,0.7,Real Madrid,24445,Estadio Abanca Balaídos,Alejandro Hernández,/en/matches/50bf3afb/Celta-Vigo-Real-Madrid-October-19-2024-La-Liga,,50bf3afb
10,Sat,2024-10-19,18:30,Girona,0.4,0–1,1.7,Real Sociedad,12602,Estadi Municipal de Montilivi,César Soto,/en/matches/ec18b3aa/Girona-Real-Sociedad-October-19-2024-La-Liga,,ec18b3aa
10,Sat,2024-10-19,16:15,Osasuna,2.0,1–2,2.1,Betis,21045,Estadio El Sadar,Alejandro Muñíz,/en/matches/5ea3b789/Osasuna-Real-Betis-October-19-2024-La-Liga,,5ea3b789
10,Sun,2024-10-20,16:15,Atlético Madrid,4.4,3–1,0.3,Leganés,60122,Riyadh Air Metropolitan Stadium,José Luis Munuera,/en/matches/d32fffe0/Atletico-Madrid-Leganes-October-20-2024-La-Liga,,d32fffe0
10,Sun,2024-10-20,21:00,Barcelona,3.8,5–1,1.0,Sevilla,47848,Estadi Olímpic Lluís Companys,Ricardo de Burgos,/en/matches/5f73bf47/Barcelona-Sevilla-October-20-2024-La-Liga,,5f73bf47
10,Sun,2024-10-20,14:00,Mallorca,2.0,1–0,0.6,Rayo Vallecano,18316,Estadi Mallorca Son Moix,Javier Alberola,/en/matches/477327f9/Mallorca-Rayo-Vallecano-October-20-2024-La-Liga,,477327f9
10,Sun,2024-10-20,18:30,Villarreal,0.9,1–1,1.9,Getafe,19355,Estadio de la Cerámica,Víctor García,/en/matches/bfba2fd7/Villarreal-Getafe-October-20-2024-La-Liga,,bfba2fd7
10,Mon,2024-10-21,21:00,Valencia,1.6,2–3,1.2,Las Palmas,42453,Estadio de Mestalla,Jesús Gil,/en/matches/9bb16911/Valencia-Las-Palmas-October-21-2024-La-Liga,,9bb16911
11,Fri,2024-10-25,21:00,Espanyol,1.2,0–2,0.8,Sevilla,23656,RCDE Stadium,Miguel Ángel Ortiz Arias,/en/matches/38d25c90/Espanyol-Sevilla-October-25-2024-La-Liga,,38d25c90
11,Sat,2024-10-26,17:30,Las Palmas,0.9,1–0,0.6,Girona,21506,Estadio de Gran Canaria,Alejandro Quintero,/en/matches/9dbc3e14/Las-Palmas-Girona-October-26-2024-La-Liga,,9dbc3e14
11,Sat,2024-10-26,16:15,Rayo Vallecano,1.9,1–0,0.9,Alavés,13010,Campo de Fútbol de Vallecas,Adrián Cordero,/en/matches/55b7dfaa/Rayo-Vallecano-Alaves-October-26-2024-La-Liga,,55b7dfaa
11,Sat,2024-10-26,21:00,Real Madrid,1.5,0–4,2.6,Barcelona,78192,Estadio Santiago Bernabéu,Jose Maria Sánchez,/en/matches/e6bc2844/El-Clasico-Real-Madrid-Barcelona-October-26-2024-La-Liga,,e6bc2844
11,Sat,2024-10-26,14:00,Valladolid,0.9,1–2,2.0,Villarreal,20178,Estadio Municipal José Zorrilla,Francisco Hernández,/en/matches/591dbf90/Valladolid-Villarreal-October-26-2024-La-Liga,,591dbf90
11,Sun,2024-10-27,18:30,Betis,1.9,1–0,0.5,Atlético Madrid,52621,Estadio Benito Villamarín,Jesús Gil,/en/matches/ffc4972d/Real-Betis-Atletico-Madrid-October-27-2024-La-Liga,,ffc4972d
11,Sun,2024-10-27,16:15,Getafe,2.2,1–1,0.7,Valencia,12412,Coliseum Alfonso Pérez,Guillermo Cuadra,/en/matches/f0be0a37/Getafe-Valencia-October-27-2024-La-Liga,,f0be0a37
11,Sun,2024-10-27,14:00,Leganés,1.6,3–0,0.9,Celta Vigo,11358,Estadio Municipal de Butarque,Mario Melero,/en/matches/597f83c1/Leganes-Celta-Vigo-October-27-2024-La-Liga,,597f83c1
11,Sun,2024-10-27,21:00,Real Sociedad,1.6,0–2,1.0,Osasuna,31729,Reale Arena,Juan Pulido,/en/matches/722b1ca2/Real-Sociedad-Osasuna-October-27-2024-La-Liga,,722b1ca2
11,Mon,2024-10-28,21:00,Mallorca,0.5,0–0,0.6,Athletic Club,19797,Estadi Mallorca Son Moix,Juan Martínez,/en/matches/46815a4a/Mallorca-Athletic-Club-October-28-2024-La-Liga,,46815a4a
12,Fri,2024-11-01,21:00,Alavés,1.1,1–0,0.5,Mallorca,17212,Estadio de Mendizorroza,Pablo González,/en/matches/454dc8c7/Alaves-Mallorca-November-1-2024-La-Liga,,454dc8c7
12,Sat,2024-11-02,16:15,Girona,2.0,4–3,0.4,Leganés,10839,Estadi Municipal de Montilivi,Mateo Busquets,/en/matches/12ce04dc/Girona-Leganes-November-2-2024-La-Liga,,12ce04dc
12,Sat,2024-11-02,14:00,Osasuna,2.2,1–0,0.2,Valladolid,20430,Estadio El Sadar,Víctor García,/en/matches/377a6000/Osasuna-Valladolid-November-2-2024-La-Liga,,377a6000
12,Sun,2024-11-03,21:00,Athletic Club,4.0,1–1,0.9,Betis,46898,San Mamés,Javier Alberola,/en/matches/ef8bf64a/Athletic-Club-Real-Betis-November-3-2024-La-Liga,,ef8bf64a
12,Sun,2024-11-03,14:00,Atlético Madrid,1.6,2–0,0.0,Las Palmas,56610,Riyadh Air Metropolitan Stadium,Ricardo de Burgos,/en/matches/60a46aeb/Atletico-Madrid-Las-Palmas-November-3-2024-La-Liga,,60a46aeb
12,Sun,2024-11-03,16:15,Barcelona,1.8,3–1,0.9,Espanyol,48843,Estadi Olímpic Lluís Companys,José Luis Munuera,/en/matches/90cf8629/Barcelona-Espanyol-November-3-2024-La-Liga,,90cf8629
12,Sun,2024-11-03,18:30,Sevilla,1.1,0–2,1.4,Real Sociedad,37619,Estadio Ramón Sánchez Pizjuán,Alejandro Muñíz,/en/matches/81dad4eb/Sevilla-Real-Sociedad-November-3-2024-La-Liga,,81dad4eb
12,Mon,2024-11-04,21:00,Celta Vigo,1.9,1–0,0.5,Getafe,19502,Estadio Abanca Balaídos,Jesús Gil,/en/matches/652b900c/Celta-Vigo-Getafe-November-4-2024-La-Liga,,652b900c
13,Fri,2024-11-08,21:00,Rayo Vallecano,2.4,1–3,1.1,Las Palmas,12978,Campo de Fútbol de Vallecas,Francisco Hernández,/en/matches/abe69737/Rayo-Vallecano-Las-Palmas-November-8-2024-La-Liga,,abe69737
13,Sat,2024-11-09,21:00,Leganés,1.1,1–0,0.6,Sevilla,11167,Estadio Municipal de Butarque,Juan Pulido,/en/matches/7925ae38/Leganes-Sevilla-November-9-2024-La-Liga,,7925ae38
13,Sat,2024-11-09,14:00,Real Madrid,3.1,4–0,0.1,Osasuna,72462,Estadio Santiago Bernabéu,Mario Melero,/en/matches/79bd89e0/Real-Madrid-Osasuna-November-9-2024-La-Liga,,79bd89e0
13,Sat,2024-11-09,16:15,Villarreal,1.5,3–0,0.5,Alavés,17659,Estadio de la Cerámica,Alejandro Quintero,/en/matches/570273ee/Villarreal-Alaves-November-9-2024-La-Liga,,570273ee
13,Sun,2024-11-10,14:00,Betis,1.6,2–2,1.2,Celta Vigo,54015,Estadio Benito Villamarín,Miguel Ángel Ortiz Arias,/en/matches/2307f9b9/Real-Betis-Celta-Vigo-November-10-2024-La-Liga,,2307f9b9
13,Sun,2024-11-10,18:30,Getafe,0.6,0–1,0.2,Girona,10923,Coliseum Alfonso Pérez,Juan Martínez,/en/matches/26d75d6d/Getafe-Girona-November-10-2024-La-Liga,,26d75d6d
13,Sun,2024-11-10,16:15,Mallorca,0.6,0–1,0.6,Atlético Madrid,19500,Estadi Mallorca Son Moix,Jose Maria Sánchez,/en/matches/f6040fa5/Mallorca-Atletico-Madrid-November-10-2024-La-Liga,,f6040fa5
13,Sun,2024-11-10,21:00,Real Sociedad,2.0,1–0,0.7,Barcelona,36194,Reale Arena,Guillermo Cuadra,/en/matches/5f83ac85/Real-Sociedad-Barcelona-November-10-2024-La-Liga,,5f83ac85
13,Sun,2024-11-10,18:30,Valladolid,0.6,1–1,1.2,Athletic Club,23515,Estadio Municipal José Zorrilla,Adrián Cordero,/en/matches/57eb3b4f/Valladolid-Athletic-Club-November-10-2024-La-Liga,,57eb3b4f
14,Fri,2024-11-22,21:00,Getafe,0.6,2–0,1.1,Valladolid,9991,Coliseum Alfonso Pérez,Pablo González,/en/matches/7f56d98f/Getafe-Valladolid-November-22-2024-La-Liga,,7f56d98f
14,Sat,2024-11-23,16:15,Atlético Madrid,1.6,2–1,0.9,Alavés,58910,Riyadh Air Metropolitan Stadium,Víctor García,/en/matches/27871b65/Atletico-Madrid-Alaves-November-23-2024-La-Liga,,27871b65
14,Sat,2024-11-23,21:00,Celta Vigo,2.5,2–2,1.8,Barcelona,24573,Estadio Abanca Balaídos,César Soto,/en/matches/ffb1fa1d/Celta-Vigo-Barcelona-November-23-2024-La-Liga,,ffb1fa1d
14,Sat,2024-11-23,18:30,Girona,3.5,4–1,0.5,Espanyol,12461,Estadi Municipal de Montilivi,Alejandro Hernández,/en/matches/cdb994ab/Girona-Espanyol-November-23-2024-La-Liga,,cdb994ab
14,Sat,2024-11-23,17:30,Las Palmas,1.2,2–3,1.7,Mallorca,22940,Estadio de Gran Canaria,Alejandro Muñíz,/en/matches/243cb41c/Las-Palmas-Mallorca-November-23-2024-La-Liga,,243cb41c
14,Sat,2024-11-23,14:00,Valencia,1.5,4–2,1.3,Betis,43975,Estadio de Mestalla,Ricardo de Burgos,/en/matches/818dc175/Valencia-Real-Betis-November-23-2024-La-Liga,,818dc175
14,Sun,2024-11-24,21:00,Athletic Club,1.3,1–0,0.5,Real Sociedad,50719,San Mamés,Jesús Gil,/en/matches/fa0d939a/Athletic-Club-Real-Sociedad-November-24-2024-La-Liga,,fa0d939a
14,Sun,2024-11-24,18:30,Leganés,0.1,0–3,1.8,Real Madrid,12338,Estadio Municipal de Butarque,Javier Alberola,/en/matches/e2ee9d3d/Leganes-Real-Madrid-November-24-2024-La-Liga,,e2ee9d3d
14,Sun,2024-11-24,14:00,Osasuna,1.0,2–2,2.5,Villarreal,19795,Estadio El Sadar,José Luis Munuera,/en/matches/e5de943f/Osasuna-Villarreal-November-24-2024-La-Liga,,e5de943f
14,Sun,2024-11-24,16:15,Sevilla,1.1,1–0,0.8,Rayo Vallecano,35125,Estadio Ramón Sánchez Pizjuán,Mateo Busquets,/en/matches/e88639fb/Sevilla-Rayo-Vallecano-November-24-2024-La-Liga,,e88639fb
15,Fri,2024-11-29,21:00,Mallorca,0.8,2–1,1.3,Valencia,17717,Estadi Mallorca Son Moix,Alejandro Quintero,/en/matches/fc79d1e0/Mallorca-Valencia-November-29-2024-La-Liga,,fc79d1e0
15,Sat,2024-11-30,16:15,Alavés,1.1,1–1,0.9,Leganés,16881,Estadio de Mendizorroza,Isidro Díaz de Mera,/en/matches/62f87a02/Alaves-Leganes-November-30-2024-La-Liga,,62f87a02
15,Sat,2024-11-30,14:00,Barcelona,2.3,1–2,0.5,Las Palmas,43921,Estadi Olímpic Lluís Companys,Adrián Cordero,/en/matches/00bca7c4/Barcelona-Las-Palmas-November-30-2024-La-Liga,,00bca7c4
15,Sat,2024-11-30,18:30,Espanyol,0.9,3–1,1.6,Celta Vigo,23792,RCDE Stadium,Jose Maria Sánchez,/en/matches/2f5ca11f/Espanyol-Celta-Vigo-November-30-2024-La-Liga,,2f5ca11f
15,Sat,2024-11-30,21:00,Valladolid,0.6,0–5,4.0,Atlético Madrid,23482,Estadio Municipal José Zorrilla,Guillermo Cuadra,/en/matches/34a6798a/Valladolid-Atletico-Madrid-November-30-2024-La-Liga,,34a6798a
15,Sun,2024-12-01,18:30,Rayo Vallecano,0.2,1–2,0.7,Athletic Club,13639,Campo de Fútbol de Vallecas,Mario Melero,/en/matches/8dcf829f/Rayo-Vallecano-Athletic-Club-December-1-2024-La-Liga,,8dcf829f
15,Sun,2024-12-01,16:15,Real Madrid,3.2,2–0,0.5,Getafe,74341,Estadio Santiago Bernabéu,Alejandro Hernández,/en/matches/6e3da6f1/Real-Madrid-Getafe-December-1-2024-La-Liga,,6e3da6f1
15,Sun,2024-12-01,21:00,Real Sociedad,0.8,2–0,0.4,Betis,28119,Reale Arena,Francisco Hernández,/en/matches/11bcd802/Real-Sociedad-Real-Betis-December-1-2024-La-Liga,,11bcd802
15,Sun,2024-12-01,14:00,Villarreal,2.0,2–2,0.5,Girona,17732,Estadio de la Cerámica,Miguel Ángel Ortiz Arias,/en/matches/0b823038/Villarreal-Girona-December-1-2024-La-Liga,,0b823038
15,Mon,2024-12-02,21:00,Sevilla,1.3,1–1,0.7,Osasuna,31536,Estadio Ramón Sánchez Pizjuán,Juan Martínez,/en/matches/018fa1b4/Sevilla-Osasuna-December-2-2024-La-Liga,,018fa1b4
19,Tue,2024-12-03,19:00,Mallorca,0.9,1–5,5.0,Barcelona,22352,Estadi Mallorca Son Moix,Jesús Gil,/en/matches/fce1658d/Mallorca-Barcelona-December-3-2024-La-Liga,,fce1658d
19,Wed,2024-12-04,21:00,Athletic Club,1.8,2–1,1.7,Real Madrid,51364,San Mamés,Jose Maria Sánchez,/en/matches/8eba22e2/Athletic-Club-Real-Madrid-December-4-2024-La-Liga,,8eba22e2
16,Fri,2024-12-06,21:00,Celta Vigo,0.9,2–0,0.8,Mallorca,22861,Estadio Abanca Balaídos,Ricardo de Burgos,/en/matches/b53b2cc8/Celta-Vigo-Mallorca-December-6-2024-La-Liga,,b53b2cc8
16,Sat,2024-12-07,16:15,Betis,3.1,2–2,1.9,Barcelona,51749,Estadio Benito Villamarín,Alejandro Muñíz,/en/matches/fb5d09d6/Real-Betis-Barcelona-December-7-2024-La-Liga,,fb5d09d6
16,Sat,2024-12-07,21:00,Girona,0.4,0–3,0.9,Real Madrid,13827,Estadi Municipal de Montilivi,Jesús Gil,/en/matches/6ebd56ef/Girona-Real-Madrid-December-7-2024-La-Liga,,6ebd56ef
16,Sat,2024-12-07,13:00,Las Palmas,1.1,2–1,1.3,Valladolid,21610,Estadio de Gran Canaria,Isidro Díaz de Mera,/en/matches/036a4747/Las-Palmas-Valladolid-December-7-2024-La-Liga,,036a4747
16,Sat,2024-12-07,18:30,Valencia,1.3,0–1,0.9,Rayo Vallecano,40968,Estadio de Mestalla,José Luis Munuera,/en/matches/24f9975b/Valencia-Rayo-Vallecano-December-7-2024-La-Liga,,24f9975b
16,Sun,2024-12-08,16:15,Athletic Club,1.2,2–0,0.8,Villarreal,47203,San Mamés,Víctor García,/en/matches/8f9e0139/Athletic-Club-Villarreal-December-8-2024-La-Liga,,8f9e0139
16,Sun,2024-12-08,21:00,Atlético Madrid,2.0,4–3,0.4,Sevilla,60065,Riyadh Air Metropolitan Stadium,Javier Alberola,/en/matches/8c459ad5/Atletico-Madrid-Sevilla-December-8-2024-La-Liga,,8c459ad5
16,Sun,2024-12-08,14:00,Leganés,0.7,0–3,1.8,Real Sociedad,11312,Estadio Municipal de Butarque,Pablo González,/en/matches/37cd2f6c/Leganes-Real-Sociedad-December-8-2024-La-Liga,,37cd2f6c
16,Sun,2024-12-08,18:30,Osasuna,1.8,2–2,1.3,Alavés,18220,Estadio El Sadar,César Soto,/en/matches/ee8fb4af/Osasuna-Alaves-December-8-2024-La-Liga,,ee8fb4af
16,Mon,2024-12-09,21:00,Getafe,0.4,1–0,0.7,Espanyol,7559,Coliseum Alfonso Pérez,Mateo Busquets,/en/matches/8a159d42/Getafe-Espanyol-December-9-2024-La-Liga,,8a159d42
17,Fri,2024-12-13,21:00,Valladolid,0.6,1–0,0.8,Valencia,18449,Estadio Municipal José Zorrilla,Miguel Ángel Ortiz Arias,/en/matches/b7bb2f84/Valladolid-Valencia-December-13-2024-La-Liga,,b7bb2f84
17,Sat,2024-12-14,14:00,Espanyol,0.3,0–0,0.3,Osasuna,20513,RCDE Stadium,Adrián Cordero,/en/matches/4525bc01/Espanyol-Osasuna-December-14-2024-La-Liga,,4525bc01
17,Sat,2024-12-14,16:15,Mallorca,1.2,2–1,0.8,Girona,15866,Estadi Mallorca Son Moix,Francisco Hernández,/en/matches/5632f505/Mallorca-Girona-December-14-2024-La-Liga,,5632f505
17,Sat,2024-12-14,21:00,Rayo Vallecano,1.6,3–3,0.7,Real Madrid,14168,Campo de Fútbol de Vallecas,Juan Martínez,/en/matches/49cf201f/Rayo-Vallecano-Real-Madrid-December-14-2024-La-Liga,,49cf201f
17,Sat,2024-12-14,18:30,Sevilla,0.7,1–0,1.2,Celta Vigo,37295,Estadio Ramón Sánchez Pizjuán,Jesús Gil,/en/matches/6a475fea/Sevilla-Celta-Vigo-December-14-2024-La-Liga,,6a475fea
17,Sun,2024-12-15,16:15,Alavés,0.9,1–1,0.7,Athletic Club,19239,Estadio de Mendizorroza,Jose Maria Sánchez,/en/matches/1fe130a9/Alaves-Athletic-Club-December-15-2024-La-Liga,,1fe130a9
17,Sun,2024-12-15,14:00,Atlético Madrid,1.7,1–0,0.2,Getafe,60169,Riyadh Air Metropolitan Stadium,César Soto,/en/matches/25a5934a/Atletico-Madrid-Getafe-December-15-2024-La-Liga,,25a5934a
17,Sun,2024-12-15,21:00,Barcelona,2.6,0–1,0.4,Leganés,39523,Estadi Olímpic Lluís Companys,Alejandro Quintero,/en/matches/e7bdcc56/Barcelona-Leganes-December-15-2024-La-Liga,,e7bdcc56
17,Sun,2024-12-15,18:30,Real Sociedad,1.1,0–0,1.0,Las Palmas,30775,Reale Arena,Mario Melero,/en/matches/11192bf0/Real-Sociedad-Las-Palmas-December-15-2024-La-Liga,,11192bf0
17,Sun,2024-12-15,18:30,Villarreal,1.9,1–2,0.8,Betis,18757,Estadio de la Cerámica,Guillermo Cuadra,/en/matches/2839ad16/Villarreal-Real-Betis-December-15-2024-La-Liga,,2839ad16
13,Wed,2024-12-18,21:30,Espanyol,2.1,1–1,2.0,Valencia,18122,RCDE Stadium,Pablo González,/en/matches/8cc12868/Espanyol-Valencia-December-18-2024-La-Liga,,8cc12868
12,Wed,2024-12-18,21:30,Villarreal,1.4,1–1,1.5,Rayo Vallecano,14000,Estadio de la Cerámica,Alejandro Hernández,/en/matches/a11727e1/Villarreal-Rayo-Vallecano-December-18-2024-La-Liga,,a11727e1
18,Fri,2024-12-20,21:00,Girona,2.5,3–0,0.0,Valladolid,9534,Estadi Municipal de Montilivi,Pablo González,/en/matches/0c8db441/Girona-Valladolid-December-20-2024-La-Liga,,0c8db441
18,Sat,2024-12-21,21:00,Barcelona,2.7,1–2,0.7,Atlético Madrid,46249,Estadi Olímpic Lluís Companys,Ricardo de Burgos,/en/matches/ac04a5d2/Barcelona-Atletico-Madrid-December-21-2024-La-Liga,,ac04a5d2
18,Sat,2024-12-21,16:15,Celta Vigo,1.3,2–0,0.3,Real Sociedad,22956,Estadio Abanca Balaídos,Mateo Busquets,/en/matches/e9fe833a/Celta-Vigo-Real-Sociedad-December-21-2024-La-Liga,,e9fe833a
18,Sat,2024-12-21,14:00,Getafe,0.8,0–1,2.3,Mallorca,9747,Coliseum Alfonso Pérez,José Luis Munuera,/en/matches/6358b738/Getafe-Mallorca-December-21-2024-La-Liga,,6358b738
18,Sat,2024-12-21,18:30,Osasuna,0.6,1–2,1.2,Athletic Club,22030,Estadio El Sadar,Alejandro Quintero,/en/matches/7c1a412b/Osasuna-Athletic-Club-December-21-2024-La-Liga,,7c1a412b
18,Sun,2024-12-22,21:00,Betis,2.1,1–1,0.9,Rayo Vallecano,53121,Estadio Benito Villamarín,Víctor García,/en/matches/aff51fb4/Real-Betis-Rayo-Vallecano-December-22-2024-La-Liga,,aff51fb4
18,Sun,2024-12-22,17:30,Las Palmas,0.9,1–0,0.7,Espanyol,23743,Estadio de Gran Canaria,César Soto,/en/matches/ebe2bfbd/Las-Palmas-Espanyol-December-22-2024-La-Liga,,ebe2bfbd
18,Sun,2024-12-22,18:30,Leganés,1.2,2–5,3.3,Villarreal,11034,Estadio Municipal de Butarque,Alejandro Muñíz,/en/matches/04b6223f/Leganes-Villarreal-December-22-2024-La-Liga,,04b6223f
18,Sun,2024-12-22,16:15,Real Madrid,2.0,4–2,1.3,Sevilla,75227,Estadio Santiago Bernabéu,Isidro Díaz de Mera,/en/matches/b839d4ce/Real-Madrid-Sevilla-December-22-2024-La-Liga,,b839d4ce
18,Sun,2024-12-22,14:00,Valencia,1.5,2–2,1.6,Alavés,37586,Estadio de Mestalla,Javier Alberola,/en/matches/45dc71b5/Valencia-Alaves-December-22-2024-La-Liga,,45dc71b5
12,Fri,2025-01-03,21:00,Valencia,1.3,1–2,2.7,Real Madrid,46420,Estadio de Mestalla,César Soto,/en/matches/15e84040/Valencia-Real-Madrid-January-3-2025-La-Liga,,15e84040
19,Fri,2025-01-10,21:00,Rayo Vallecano,0.7,2–1,2.1,Celta Vigo,12955,Campo de Fútbol de Vallecas,Guillermo Cuadra,/en/matches/e55b978c/Rayo-Vallecano-Celta-Vigo-January-10-2025-La-Liga,,e55b978c
19,Sat,2025-01-11,14:00,Alavés,1.3,0–1,0.5,Girona,16454,Estadio de Mendizorroza,Mateo Busquets,/en/matches/66b19e25/Alaves-Girona-January-11-2025-La-Liga,,66b19e25
19,Sat,2025-01-11,18:30,Espanyol,0.7,1–1,2.0,Leganés,26606,RCDE Stadium,Juan Martínez,/en/matches/4fb3dc98/Espanyol-Leganes-January-11-2025-La-Liga,,4fb3dc98
19,Sat,2025-01-11,21:00,Sevilla,0.5,1–1,0.7,Valencia,34297,Estadio Ramón Sánchez Pizjuán,Francisco Hernández,/en/matches/7652232d/Sevilla-Valencia-January-11-2025-La-Liga,,7652232d
19,Sat,2025-01-11,16:15,Valladolid,1.2,1–0,0.7,Betis,21911,Estadio Municipal José Zorrilla,Adrián Cordero,/en/matches/e9c90680/Valladolid-Real-Betis-January-11-2025-La-Liga,,e9c90680
19,Sun,2025-01-12,16:15,Atlético Madrid,2.5,1–0,0.3,Osasuna,64801,Riyadh Air Metropolitan Stadium,Isidro Díaz de Mera,/en/matches/2367dade/Atletico-Madrid-Osasuna-January-12-2025-La-Liga,,2367dade
19,Sun,2025-01-12,13:00,Las Palmas,1.3,1–2,1.1,Getafe,23698,Estadio de Gran Canaria,Javier Alberola,/en/matches/e1cfa735/Las-Palmas-Getafe-January-12-2025-La-Liga,,e1cfa735
19,Mon,2025-01-13,21:00,Real Sociedad,0.8,1–0,1.2,Villarreal,20855,Reale Arena,César Soto,/en/matches/ecd47b8a/Real-Sociedad-Villarreal-January-13-2025-La-Liga,,ecd47b8a
20,Fri,2025-01-17,21:00,Espanyol,1.0,2–1,1.2,Valladolid,23554,RCDE Stadium,Ricardo de Burgos,/en/matches/75d8fa7a/Espanyol-Valladolid-January-17-2025-La-Liga,,75d8fa7a
20,Sat,2025-01-18,18:30,Betis,0.5,1–3,1.5,Alavés,50021,Estadio Benito Villamarín,Alejandro Hernández,/en/matches/fe96c24b/Real-Betis-Alaves-January-18-2025-La-Liga,,fe96c24b
20,Sat,2025-01-18,21:00,Getafe,1.3,1–1,2.3,Barcelona,15134,Coliseum Alfonso Pérez,Pablo González,/en/matches/ac3f8e9a/Getafe-Barcelona-January-18-2025-La-Liga,,ac3f8e9a
20,Sat,2025-01-18,14:00,Girona,1.0,1–2,2.6,Sevilla,12040,Estadi Municipal de Montilivi,Juan Martínez,/en/matches/5dbf000f/Girona-Sevilla-January-18-2025-La-Liga,,5dbf000f
20,Sat,2025-01-18,16:15,Leganés,0.5,1–0,2.4,Atlético Madrid,12371,Estadio Municipal de Butarque,Mario Melero,/en/matches/7ba8b655/Leganes-Atletico-Madrid-January-18-2025-La-Liga,,7ba8b655
20,Sun,2025-01-19,14:00,Celta Vigo,0.6,1–2,1.8,Athletic Club,22279,Estadio Abanca Balaídos,Miguel Ángel Ortiz Arias,/en/matches/a5448163/Celta-Vigo-Athletic-Club-January-19-2025-La-Liga,,a5448163
20,Sun,2025-01-19,18:30,Osasuna,0.8,1–1,0.8,Rayo Vallecano,20770,Estadio El Sadar,Alejandro Muñíz,/en/matches/b85ff6cf/Osasuna-Rayo-Vallecano-January-19-2025-La-Liga,,b85ff6cf
20,Sun,2025-01-19,16:15,Real Madrid,5.9,4–1,1.1,Las Palmas,74808,Estadio Santiago Bernabéu,Alejandro Quintero,/en/matches/c8f36a4b/Real-Madrid-Las-Palmas-January-19-2025-La-Liga,,c8f36a4b
20,Sun,2025-01-19,21:00,Valencia,1.6,1–0,0.8,Real Sociedad,40791,Estadio de Mestalla,Víctor García,/en/matches/b0b640d3/Valencia-Real-Sociedad-January-19-2025-La-Liga,,b0b640d3
20,Mon,2025-01-20,21:00,Villarreal,2.4,4–0,0.5,Mallorca,14852,Estadio de la Cerámica,José Luis Munuera,/en/matches/fd632e2f/Villarreal-Mallorca-January-20-2025-La-Liga,,fd632e2f
21,Fri,2025-01-24,20:00,Las Palmas,0.8,1–1,2.6,Osasuna,19762,Estadio de Gran Canaria,Jesús Gil,/en/matches/28b22659/Las-Palmas-Osasuna-January-24-2025-La-Liga,,28b22659
21,Sat,2025-01-25,16:15,Atlético Madrid,1.7,1–1,2.2,Villarreal,63596,Riyadh Air Metropolitan Stadium,Jose Maria Sánchez,/en/matches/6566ae8c/Atletico-Madrid-Villarreal-January-25-2025-La-Liga,,6566ae8c
21,Sat,2025-01-25,14:00,Mallorca,1.0,0–1,0.4,Betis,19452,Estadi Mallorca Son Moix,Javier Alberola,/en/matches/2395eb39/Mallorca-Real-Betis-January-25-2025-La-Liga,,2395eb39
21,Sat,2025-01-25,18:30,Sevilla,1.2,1–1,0.7,Espanyol,33602,Estadio Ramón Sánchez Pizjuán,Adrián Cordero,/en/matches/10db0915/Sevilla-Espanyol-January-25-2025-La-Liga,,10db0915
21,Sat,2025-01-25,21:00,Valladolid,0.2,0–3,2.0,Real Madrid,26025,Estadio Municipal José Zorrilla,Mateo Busquets,/en/matches/382d5e03/Valladolid-Real-Madrid-January-25-2025-La-Liga,,382d5e03
21,Sun,2025-01-26,18:30,Athletic Club,2.1,0–0,1.0,Leganés,47612,San Mamés,Alejandro Hernández,/en/matches/f17ca419/Athletic-Club-Leganes-January-26-2025-La-Liga,,f17ca419
21,Sun,2025-01-26,21:00,Barcelona,4.4,7–1,1.5,Valencia,45312,Estadi Olímpic Lluís Companys,César Soto,/en/matches/77dda45d/Barcelona-Valencia-January-26-2025-La-Liga,,77dda45d
21,Sun,2025-01-26,14:00,Rayo Vallecano,2.4,2–1,1.0,Girona,12405,Campo de Fútbol de Vallecas,Isidro Díaz de Mera,/en/matches/af7b751a/Rayo-Vallecano-Girona-January-26-2025-La-Liga,,af7b751a
21,Sun,2025-01-26,16:15,Real Sociedad,0.9,0–3,1.4,Getafe,30004,Reale Arena,Guillermo Cuadra,/en/matches/2450ca46/Real-Sociedad-Getafe-January-26-2025-La-Liga,,2450ca46
21,Mon,2025-01-27,21:00,Alavés,0.9,1–1,0.1,Celta Vigo,13612,Estadio de Mendizorroza,Francisco Hernández,/en/matches/b418c449/Alaves-Celta-Vigo-January-27-2025-La-Liga,,b418c449
22,Fri,2025-01-31,21:00,Leganés,0.9,0–1,2.2,Rayo Vallecano,11432,Estadio Municipal de Butarque,Alejandro Quintero,/en/matches/43d7418a/Leganes-Rayo-Vallecano-January-31-2025-La-Liga,,43d7418a
22,Sat,2025-02-01,18:30,Atlético Madrid,1.3,2–0,0.5,Mallorca,60710,Riyadh Air Metropolitan Stadium,Víctor García,/en/matches/15ceb2e9/Atletico-Madrid-Mallorca-February-1-2025-La-Liga,,15ceb2e9
22,Sat,2025-02-01,21:00,Espanyol,0.3,1–0,1.3,Real Madrid,33669,RCDE Stadium,Alejandro Muñíz,/en/matches/bb8e8b39/Espanyol-Real-Madrid-February-1-2025-La-Liga,,bb8e8b39
22,Sat,2025-02-01,14:00,Getafe,1.0,0–0,0.9,Sevilla,11730,Coliseum Alfonso Pérez,Ricardo de Burgos,/en/matches/b992fee4/Getafe-Sevilla-February-1-2025-La-Liga,,b992fee4
22,Sat,2025-02-01,16:15,Villarreal,3.5,5–1,0.5,Valladolid,17032,Estadio de la Cerámica,Isidro Díaz de Mera,/en/matches/0688f714/Villarreal-Valladolid-February-1-2025-La-Liga,,0688f714
22,Sun,2025-02-02,14:00,Barcelona,1.0,1–0,0.1,Alavés,42900,Estadi Olímpic Lluís Companys,José Luis Munuera,/en/matches/5dd33e2b/Barcelona-Alaves-February-2-2025-La-Liga,,5dd33e2b
22,Sun,2025-02-02,21:00,Betis,1.1,2–2,1.4,Athletic Club,49292,Estadio Benito Villamarín,Juan Martínez,/en/matches/dc8dc26b/Real-Betis-Athletic-Club-February-2-2025-La-Liga,,dc8dc26b
22,Sun,2025-02-02,18:30,Osasuna,0.7,2–1,2.0,Real Sociedad,21678,Estadio El Sadar,Miguel Ángel Ortiz Arias,/en/matches/2b4789d5/Osasuna-Real-Sociedad-February-2-2025-La-Liga,,2b4789d5
22,Sun,2025-02-02,16:15,Valencia,1.6,2–1,0.4,Celta Vigo,42273,Estadio de Mestalla,Pablo González,/en/matches/85f339a3/Valencia-Celta-Vigo-February-2-2025-La-Liga,,85f339a3
22,Mon,2025-02-03,21:00,Girona,2.0,2–1,1.5,Las Palmas,10088,Estadi Municipal de Montilivi,Mario Melero,/en/matches/0a6de3d3/Girona-Las-Palmas-February-3-2025-La-Liga,,0a6de3d3
23,Fri,2025-02-07,21:00,Rayo Vallecano,2.3,1–0,0.4,Valladolid,12286,Campo de Fútbol de Vallecas,Jesús Gil,/en/matches/7bfbe87f/Rayo-Vallecano-Valladolid-February-7-2025-La-Liga,,7bfbe87f
23,Sat,2025-02-08,16:15,Athletic Club,3.6,3–0,0.1,Girona,48261,San Mamés,Jose Maria Sánchez,/en/matches/87b1fc3e/Athletic-Club-Girona-February-8-2025-La-Liga,,87b1fc3e
23,Sat,2025-02-08,14:00,Celta Vigo,2.2,3–2,1.3,Betis,22651,Estadio Abanca Balaídos,Mateo Busquets,/en/matches/7d25dd93/Celta-Vigo-Real-Betis-February-8-2025-La-Liga,,7d25dd93
23,Sat,2025-02-08,17:30,Las Palmas,1.4,1–2,0.9,Villarreal,22909,Estadio de Gran Canaria,Francisco Hernández,/en/matches/117692e2/Las-Palmas-Villarreal-February-8-2025-La-Liga,,117692e2
23,Sat,2025-02-08,21:00,Real Madrid,1.6,1–1,1.5,Atlético Madrid,78082,Estadio Santiago Bernabéu,César Soto,/en/matches/442c5b57/El-Derbi-Madrileno-Real-Madrid-Atletico-Madrid-February-8-2025-La-Liga,,442c5b57
23,Sun,2025-02-09,14:00,Alavés,1.4,0–1,0.9,Getafe,16236,Estadio de Mendizorroza,Isidro Díaz de Mera,/en/matches/39db2a13/Alaves-Getafe-February-9-2025-La-Liga,,39db2a13
23,Sun,2025-02-09,18:30,Real Sociedad,1.7,2–1,0.9,Espanyol,29478,Reale Arena,Javier Alberola,/en/matches/39cd05e4/Real-Sociedad-Espanyol-February-9-2025-La-Liga,,39cd05e4
23,Sun,2025-02-09,21:00,Sevilla,0.7,1–4,1.9,Barcelona,38592,Estadio Ramón Sánchez Pizjuán,Alejandro Hernández,/en/matches/57bc3e19/Sevilla-Barcelona-February-9-2025-La-Liga,,57bc3e19
23,Sun,2025-02-09,16:15,Valencia,1.9,2–0,0.5,Leganés,42312,Estadio de Mestalla,Guillermo Cuadra,/en/matches/89c7a794/Valencia-Leganes-February-9-2025-La-Liga,,89c7a794
23,Mon,2025-02-10,21:00,Mallorca,1.3,1–1,1.4,Osasuna,15378,Estadi Mallorca Son Moix,Adrián Cordero,/en/matches/64cac73e/Mallorca-Osasuna-February-10-2025-La-Liga,,64cac73e
24,Fri,2025-02-14,21:00,Girona,0.9,1–2,0.6,Getafe,10354,Estadi Municipal de Montilivi,Alejandro Quintero,/en/matches/2702096e/Girona-Getafe-February-14-2025-La-Liga,,2702096e
24,Sat,2025-02-15,18:30,Atlético Madrid,0.6,1–1,1.7,Celta Vigo,64211,Riyadh Air Metropolitan Stadium,Juan Martínez,/en/matches/ec6e214e/Atletico-Madrid-Celta-Vigo-February-15-2025-La-Liga,,ec6e214e
24,Sat,2025-02-15,14:00,Leganés,1.8,3–3,1.7,Alavés,10681,Estadio Municipal de Butarque,Pablo González,/en/matches/5bf2e4ce/Leganes-Alaves-February-15-2025-La-Liga,,5bf2e4ce
24,Sat,2025-02-15,16:15,Osasuna,1.4,1–1,1.4,Real Madrid,22390,Estadio El Sadar,José Luis Munuera,/en/matches/c667c7ca/Osasuna-Real-Madrid-February-15-2025-La-Liga,,c667c7ca
24,Sat,2025-02-15,21:00,Villarreal,1.3,1–1,1.1,Valencia,19701,Estadio de la Cerámica,Ricardo de Burgos,/en/matches/71df1d23/Villarreal-Valencia-February-15-2025-La-Liga,,71df1d23
24,Sun,2025-02-16,21:00,Betis,2.3,3–0,0.3,Real Sociedad,48758,Estadio Benito Villamarín,Jesús Gil,/en/matches/f7ee4708/Real-Betis-Real-Sociedad-February-16-2025-La-Liga,,f7ee4708
24,Sun,2025-02-16,14:00,Espanyol,0.8,1–1,1.0,Athletic Club,26645,RCDE Stadium,Guillermo Cuadra,/en/matches/d0f5d736/Espanyol-Athletic-Club-February-16-2025-La-Liga,,d0f5d736
24,Sun,2025-02-16,18:30,Mallorca,1.7,3–1,0.8,Las Palmas,18475,Estadi Mallorca Son Moix,Miguel Ángel Ortiz Arias,/en/matches/041d6702/Mallorca-Las-Palmas-February-16-2025-La-Liga,,041d6702
24,Sun,2025-02-16,16:15,Valladolid,0.5,0–4,1.1,Sevilla,22123,Estadio Municipal José Zorrilla,Javier Alberola,/en/matches/fbad97f4/Valladolid-Sevilla-February-16-2025-La-Liga,,fbad97f4
24,Mon,2025-02-17,21:00,Barcelona,2.3,1–0,1.0,Rayo Vallecano,45296,Estadi Olímpic Lluís Companys,Mario Melero,/en/matches/b299fca9/Barcelona-Rayo-Vallecano-February-17-2025-La-Liga,,b299fca9
25,Fri,2025-02-21,21:00,Celta Vigo,1.8,1–0,1.2,Osasuna,22005,Estadio Abanca Balaídos,Jose Maria Sánchez,/en/matches/138c629e/Celta-Vigo-Osasuna-February-21-2025-La-Liga,,138c629e
25,Sat,2025-02-22,14:00,Alavés,1.8,0–1,0.4,Espanyol,17068,Estadio de Mendizorroza,Juan Pulido,/en/matches/776298df/Alaves-Espanyol-February-22-2025-La-Liga,,776298df
25,Sat,2025-02-22,20:00,Las Palmas,0.4,0–2,1.4,Barcelona,30746,Estadio de Gran Canaria,Adrián Cordero,/en/matches/6b455e82/Las-Palmas-Barcelona-February-22-2025-La-Liga,,6b455e82
25,Sat,2025-02-22,16:15,Rayo Vallecano,0.6,0–1,0.6,Villarreal,13373,Campo de Fútbol de Vallecas,Víctor García,/en/matches/4d0c9845/Rayo-Vallecano-Villarreal-February-22-2025-La-Liga,,4d0c9845
25,Sat,2025-02-22,18:30,Valencia,0.8,0–3,1.3,Atlético Madrid,46297,Estadio de Mestalla,Mateo Busquets,/en/matches/cc85a3d4/Valencia-Atletico-Madrid-February-22-2025-La-Liga,,cc85a3d4
25,Sun,2025-02-23,14:00,Athletic Club,3.8,7–1,0.5,Valladolid,47715,San Mamés,César Soto,/en/matches/e42061f0/Athletic-Club-Valladolid-February-23-2025-La-Liga,,e42061f0
25,Sun,2025-02-23,18:30,Getafe,1.2,1–2,2.0,Betis,13964,Coliseum Alfonso Pérez,Javier Alberola,/en/matches/738f8f85/Getafe-Real-Betis-February-23-2025-La-Liga,,738f8f85
25,Sun,2025-02-23,16:15,Real Madrid,2.2,2–0,0.4,Girona,74028,Estadio Santiago Bernabéu,Guillermo Cuadra,/en/matches/9289e6ed/Real-Madrid-Girona-February-23-2025-La-Liga,,9289e6ed
25,Sun,2025-02-23,21:00,Real Sociedad,0.7,3–0,0.3,Leganés,22533,Reale Arena,Francisco Hernández,/en/matches/1182bc6e/Real-Sociedad-Leganes-February-23-2025-La-Liga,,1182bc6e
25,Mon,2025-02-24,21:00,Sevilla,1.3,1–1,2.3,Mallorca,35424,Estadio Ramón Sánchez Pizjuán,Alejandro Muñíz,/en/matches/409ec366/Sevilla-Mallorca-February-24-2025-La-Liga,,409ec366
26,Fri,2025-02-28,21:00,Valladolid,1.8,1–1,0.2,Las Palmas,16024,Estadio Municipal José Zorrilla,Ricardo de Burgos,/en/matches/d3f13884/Valladolid-Las-Palmas-February-28-2025-La-Liga,,d3f13884
26,Sat,2025-03-01,21:00,Atlético Madrid,2.2,1–0,1.1,Athletic Club,63810,Riyadh Air Metropolitan Stadium,Jesús Gil,/en/matches/1971e698/Atletico-Madrid-Athletic-Club-March-1-2025-La-Liga,,1971e698
26,Sat,2025-03-01,18:30,Betis,2.4,2–1,0.9,Real Madrid,55873,Estadio Benito Villamarín,Alejandro Hernández,/en/matches/f1e4f58c/Real-Betis-Real-Madrid-March-1-2025-La-Liga,,f1e4f58c
26,Sat,2025-03-01,14:00,Girona,0.7,2–2,1.8,Celta Vigo,11449,Estadi Municipal de Montilivi,Miguel Ángel Ortiz Arias,/en/matches/3865f1d2/Girona-Celta-Vigo-March-1-2025-La-Liga,,3865f1d2
26,Sat,2025-03-01,16:15,Rayo Vallecano,2.8,1–1,0.6,Sevilla,11947,Campo de Fútbol de Vallecas,Pablo González,/en/matches/3736c3d4/Rayo-Vallecano-Sevilla-March-1-2025-La-Liga,,3736c3d4
26,Sun,2025-03-02,16:15,Barcelona,2.8,4–0,0.0,Real Sociedad,46324,Estadi Olímpic Lluís Companys,Alejandro Quintero,/en/matches/0b2c987f/Barcelona-Real-Sociedad-March-2-2025-La-Liga,,0b2c987f
26,Sun,2025-03-02,14:00,Leganés,1.0,1–0,0.3,Getafe,10311,Estadio Municipal de Butarque,Alejandro Muñíz,/en/matches/f079fabc/Leganes-Getafe-March-2-2025-La-Liga,,f079fabc
26,Sun,2025-03-02,18:30,Mallorca,1.1,1–1,1.6,Alavés,17702,Estadi Mallorca Son Moix,César Soto,/en/matches/6c84aa28/Mallorca-Alaves-March-2-2025-La-Liga,,6c84aa28
26,Sun,2025-03-02,21:00,Osasuna,1.5,3–3,1.8,Valencia,19230,Estadio El Sadar,Mario Melero,/en/matches/0580ab96/Osasuna-Valencia-March-2-2025-La-Liga,,0580ab96
27,Sat,2025-03-08,16:15,Alavés,1.0,1–0,2.8,Villarreal,16582,Estadio de Mendizorroza,Miguel Ángel Ortiz Arias,/en/matches/fae6d2fd/Alaves-Villarreal-March-8-2025-La-Liga,,fae6d2fd
27,Sat,2025-03-08,14:00,Celta Vigo,0.9,2–1,1.0,Leganés,17326,Estadio Abanca Balaídos,Isidro Díaz de Mera,/en/matches/cb080ed5/Celta-Vigo-Leganes-March-8-2025-La-Liga,,cb080ed5
27,Sat,2025-03-08,18:30,Valencia,1.9,2–1,0.9,Valladolid,41720,Estadio de Mestalla,Juan Pulido,/en/matches/585ef159/Valencia-Valladolid-March-8-2025-La-Liga,,585ef159
27,Sun,2025-03-09,18:30,Athletic Club,0.7,1–1,0.5,Mallorca,48203,San Mamés,Alejandro Hernández,/en/matches/54fa5083/Athletic-Club-Mallorca-March-9-2025-La-Liga,,54fa5083
27,Sun,2025-03-09,18:30,Betis,2.3,1–0,0.6,Las Palmas,49292,Estadio Benito Villamarín,Jose Maria Sánchez,/en/matches/887132d0/Real-Betis-Las-Palmas-March-9-2025-La-Liga,,887132d0
27,Sun,2025-03-09,14:00,Getafe,1.2,2–1,0.9,Atlético Madrid,12862,Coliseum Alfonso Pérez,Guillermo Cuadra,/en/matches/1e429e52/Getafe-Atletico-Madrid-March-9-2025-La-Liga,,1e429e52
27,Sun,2025-03-09,16:15,Real Madrid,1.5,2–1,1.0,Rayo Vallecano,74170,Estadio Santiago Bernabéu,Francisco Hernández,/en/matches/d8d672fa/Real-Madrid-Rayo-Vallecano-March-9-2025-La-Liga,,d8d672fa
27,Sun,2025-03-09,21:00,Real Sociedad,0.7,0–1,0.6,Sevilla,25478,Reale Arena,Víctor García,/en/matches/f1dd2f9a/Real-Sociedad-Sevilla-March-9-2025-La-Liga,,f1dd2f9a
27,Mon,2025-03-10,21:00,Espanyol,0.2,1–1,1.6,Girona,23997,RCDE Stadium,Adrián Cordero,/en/matches/4c7eab6f/Espanyol-Girona-March-10-2025-La-Liga,,4c7eab6f
28,Fri,2025-03-14,20:00,Las Palmas,1.8,2–2,1.7,Alavés,17566,Estadio de Gran Canaria,Mario Melero,/en/matches/90b5ee8e/Las-Palmas-Alaves-March-14-2025-La-Liga,,90b5ee8e
28,Sat,2025-03-15,21:00,Girona,0.9,1–1,1.0,Valencia,10262,Estadi Municipal de Montilivi,José Luis Munuera,/en/matches/c9bdc26a/Girona-Valencia-March-15-2025-La-Liga,,c9bdc26a
28,Sat,2025-03-15,16:15,Mallorca,2.7,2–1,0.2,Espanyol,18240,Estadi Mallorca Son Moix,Alejandro Quintero,/en/matches/a008668e/Mallorca-Espanyol-March-15-2025-La-Liga,,a008668e
28,Sat,2025-03-15,14:00,Valladolid,0.7,0–1,1.5,Celta Vigo,17521,Estadio Municipal José Zorrilla,Víctor García,/en/matches/19ca64ed/Valladolid-Celta-Vigo-March-15-2025-La-Liga,,19ca64ed
28,Sat,2025-03-15,18:30,Villarreal,1.6,1–2,1.1,Real Madrid,20559,Estadio de la Cerámica,Jesús Gil,/en/matches/4106e75f/Villarreal-Real-Madrid-March-15-2025-La-Liga,,4106e75f
28,Sun,2025-03-16,21:00,Atlético Madrid,1.4,2–4,1.3,Barcelona,67602,Riyadh Air Metropolitan Stadium,Ricardo de Burgos,/en/matches/8ddf3820/Atletico-Madrid-Barcelona-March-16-2025-La-Liga,,8ddf3820
28,Sun,2025-03-16,14:00,Leganés,1.3,2–3,2.7,Betis,11691,Estadio Municipal de Butarque,César Soto,/en/matches/37e0a484/Leganes-Real-Betis-March-16-2025-La-Liga,,37e0a484
28,Sun,2025-03-16,18:30,Osasuna,1.9,1–2,0.5,Getafe,19611,Estadio El Sadar,Alejandro Hernández,/en/matches/bd9c5fd6/Osasuna-Getafe-March-16-2025-La-Liga,,bd9c5fd6
28,Sun,2025-03-16,18:30,Rayo Vallecano,0.6,2–2,0.6,Real Sociedad,12364,Campo de Fútbol de Vallecas,Alejandro Muñíz,/en/matches/6996fe18/Rayo-Vallecano-Real-Sociedad-March-16-2025-La-Liga,,6996fe18
28,Sun,2025-03-16,16:15,Sevilla,0.5,0–1,1.3,Athletic Club,37016,Estadio Ramón Sánchez Pizjuán,Juan Pulido,/en/matches/b21dd238/Sevilla-Athletic-Club-March-16-2025-La-Liga,,b21dd238
27,Thu,2025-03-27,21:00,Barcelona,3.7,3–0,0.4,Osasuna,42319,Estadi Olímpic Lluís Companys,Mateo Busquets,/en/matches/af815599/Barcelona-Osasuna-March-27-2025-La-Liga,,af815599
29,Sat,2025-03-29,18:30,Alavés,1.5,0–2,0.6,Rayo Vallecano,18336,Estadio de Mendizorroza,José Luis Munuera,/en/matches/de9887c1/Alaves-Rayo-Vallecano-March-29-2025-La-Liga,,de9887c1
29,Sat,2025-03-29,16:15,Espanyol,1.0,1–1,0.8,Atlético Madrid,30559,RCDE Stadium,Javier Alberola,/en/matches/539f05d4/Espanyol-Atletico-Madrid-March-29-2025-La-Liga,,539f05d4
29,Sat,2025-03-29,21:00,Real Madrid,2.9,3–2,2.4,Leganés,73641,Estadio Santiago Bernabéu,Pablo González,/en/matches/02169120/Real-Madrid-Leganes-March-29-2025-La-Liga,,02169120
29,Sat,2025-03-29,14:00,Real Sociedad,0.7,2–1,0.7,Valladolid,28151,Reale Arena,Adrián Cordero,/en/matches/8a068dcb/Real-Sociedad-Valladolid-March-29-2025-La-Liga,,8a068dcb
29,Sun,2025-03-30,18:30,Athletic Club,0.7,0–0,0.4,Osasuna,49671,San Mamés,Guillermo Cuadra,/en/matches/7e4ab762/Athletic-Club-Osasuna-March-30-2025-La-Liga,,7e4ab762
29,Sun,2025-03-30,16:15,Barcelona,2.3,4–1,0.5,Girona,48258,Estadi Olímpic Lluís Companys,Juan Pulido,/en/matches/6e84530a/Barcelona-Girona-March-30-2025-La-Liga,,6e84530a
29,Sun,2025-03-30,21:00,Betis,1.1,2–1,0.7,Sevilla,58538,Estadio Benito Villamarín,Mateo Busquets,/en/matches/521b1f26/Real-Betis-Sevilla-March-30-2025-La-Liga,,521b1f26
29,Sun,2025-03-30,14:00,Getafe,1.0,1–2,1.2,Villarreal,11406,Coliseum Alfonso Pérez,Isidro Díaz de Mera,/en/matches/9efb7811/Getafe-Villarreal-March-30-2025-La-Liga,,9efb7811
29,Sun,2025-03-30,18:30,Valencia,0.7,1–0,0.6,Mallorca,44082,Estadio de Mestalla,Francisco Hernández,/en/matches/4223fbb4/Valencia-Mallorca-March-30-2025-La-Liga,,4223fbb4
29,Mon,2025-03-31,21:00,Celta Vigo,1.0,1–1,0.3,Las Palmas,18549,Estadio Abanca Balaídos,Juan Martínez,/en/matches/30fa33ba/Celta-Vigo-Las-Palmas-March-31-2025-La-Liga,,30fa33ba
30,Fri,2025-04-04,21:00,Rayo Vallecano,0.7,0–4,3.4,Espanyol,11905,Campo de Fútbol de Vallecas,Alejandro Hernández,/en/matches/ff92ae47/Rayo-Vallecano-Espanyol-April-4-2025-La-Liga,,ff92ae47
30,Sat,2025-04-05,21:00,Barcelona,1.4,1–1,0.3,Betis,47043,Estadi Olímpic Lluís Companys,Jesús Gil,/en/matches/86447b37/Barcelona-Real-Betis-April-5-2025-La-Liga,,86447b37
30,Sat,2025-04-05,14:00,Girona,1.4,0–1,0.8,Alavés,11384,Estadi Municipal de Montilivi,Alejandro Muñíz,/en/matches/e6b730a8/Girona-Alaves-April-5-2025-La-Liga,,e6b730a8
30,Sat,2025-04-05,18:30,Mallorca,0.5,1–2,0.8,Celta Vigo,18291,Estadi Mallorca Son Moix,Ricardo de Burgos,/en/matches/bc459f49/Mallorca-Celta-Vigo-April-5-2025-La-Liga,,bc459f49
30,Sat,2025-04-05,16:15,Real Madrid,3.4,1–2,0.8,Valencia,75382,Estadio Santiago Bernabéu,Guillermo Cuadra,/en/matches/59db0a32/Real-Madrid-Valencia-April-5-2025-La-Liga,,59db0a32
30,Sun,2025-04-06,13:00,Las Palmas,2.0,1–3,2.4,Real Sociedad,22616,Estadio de Gran Canaria,Miguel Ángel Ortiz Arias,/en/matches/864a0fb8/Las-Palmas-Real-Sociedad-April-6-2025-La-Liga,,864a0fb8
30,Sun,2025-04-06,16:15,Sevilla,0.9,1–2,1.3,Atlético Madrid,34505,Estadio Ramón Sánchez Pizjuán,César Soto,/en/matches/4b093821/Sevilla-Atletico-Madrid-April-6-2025-La-Liga,,4b093821
30,Sun,2025-04-06,18:30,Valladolid,0.6,0–4,1.9,Getafe,17737,Estadio Municipal José Zorrilla,Alejandro Quintero,/en/matches/e33c8281/Valladolid-Getafe-April-6-2025-La-Liga,,e33c8281
30,Sun,2025-04-06,21:00,Villarreal,2.1,0–0,0.8,Athletic Club,19158,Estadio de la Cerámica,Mario Melero,/en/matches/65afea5b/Villarreal-Athletic-Club-April-6-2025-La-Liga,,65afea5b
30,Mon,2025-04-07,21:00,Leganés,1.7,1–1,2.2,Osasuna,10755,Estadio Municipal de Butarque,Víctor García,/en/matches/62c1d5cc/Leganes-Osasuna-April-7-2025-La-Liga,,62c1d5cc
31,Fri,2025-04-11,21:00,Valencia,1.3,1–0,0.8,Sevilla,45618,Estadio de Mestalla,Jose Maria Sánchez,/en/matches/160a9af7/Valencia-Sevilla-April-11-2025-La-Liga,,160a9af7
31,Sat,2025-04-12,18:30,Celta Vigo,0.9,0–2,1.2,Espanyol,19801,Estadio Abanca Balaídos,Mateo Busquets,/en/matches/3aa5024f/Celta-Vigo-Espanyol-April-12-2025-La-Liga,,3aa5024f
31,Sat,2025-04-12,16:15,Getafe,1.4,1–3,1.3,Las Palmas,8370,Coliseum Alfonso Pérez,Javier Alberola,/en/matches/606774d3/Getafe-Las-Palmas-April-12-2025-La-Liga,,606774d3
31,Sat,2025-04-12,21:00,Leganés,0.7,0–1,1.4,Barcelona,12530,Estadio Municipal de Butarque,Francisco Hernández,/en/matches/5160bd9d/Leganes-Barcelona-April-12-2025-La-Liga,,5160bd9d
31,Sat,2025-04-12,14:00,Real Sociedad,0.7,0–2,0.7,Mallorca,29181,Reale Arena,José Luis Munuera,/en/matches/a449c18e/Real-Sociedad-Mallorca-April-12-2025-La-Liga,,a449c18e
31,Sun,2025-04-13,16:15,Alavés,0.6,0–1,0.9,Real Madrid,19438,Estadio de Mendizorroza,César Soto,/en/matches/988deece/Alaves-Real-Madrid-April-13-2025-La-Liga,,988deece
31,Sun,2025-04-13,21:00,Athletic Club,1.6,3–1,1.6,Rayo Vallecano,47584,San Mamés,Adrián Cordero,/en/matches/82c58306/Athletic-Club-Rayo-Vallecano-April-13-2025-La-Liga,,82c58306
31,Sun,2025-04-13,18:30,Betis,1.4,1–2,1.3,Villarreal,54778,Estadio Benito Villamarín,Juan Pulido,/en/matches/028b10dc/Real-Betis-Villarreal-April-13-2025-La-Liga,,028b10dc
31,Sun,2025-04-13,14:00,Osasuna,1.7,2–1,0.9,Girona,20260,Estadio El Sadar,Pablo González,/en/matches/57baf278/Osasuna-Girona-April-13-2025-La-Liga,,57baf278
31,Mon,2025-04-14,21:00,Atlético Madrid,3.4,4–2,1.2,Valladolid,55936,Riyadh Air Metropolitan Stadium,Isidro Díaz de Mera,/en/matches/b955d331/Atletico-Madrid-Valladolid-April-14-2025-La-Liga,,b955d331
32,Fri,2025-04-18,21:00,Espanyol,0.4,1–0,0.4,Getafe,25003,RCDE Stadium,Ricardo de Burgos,/en/matches/442a63df/Espanyol-Getafe-April-18-2025-La-Liga,,442a63df
32,Sat,2025-04-19,16:15,Barcelona,2.9,4–3,2.1,Celta Vigo,48569,Estadi Olímpic Lluís Companys,Mario Melero,/en/matches/ac6535dc/Barcelona-Celta-Vigo-April-19-2025-La-Liga,,ac6535dc
32,Sat,2025-04-19,20:00,Las Palmas,0.6,1–0,0.8,Atlético Madrid,27154,Estadio de Gran Canaria,Víctor García,/en/matches/84f347ad/Las-Palmas-Atletico-Madrid-April-19-2025-La-Liga,,84f347ad
32,Sat,2025-04-19,18:30,Mallorca,0.9,0–0,0.9,Leganés,17404,Estadi Mallorca Son Moix,Alejandro Muñíz,/en/matches/36e23ef5/Mallorca-Leganes-April-19-2025-La-Liga,,36e23ef5
32,Sat,2025-04-19,14:00,Rayo Vallecano,0.5,1–1,2.0,Valencia,11308,Campo de Fútbol de Vallecas,Alejandro Quintero,/en/matches/81da0725/Rayo-Vallecano-Valencia-April-19-2025-La-Liga,,81da0725
32,Sun,2025-04-20,21:00,Real Madrid,1.5,1–0,0.2,Athletic Club,72535,Estadio Santiago Bernabéu,Juan Martínez,/en/matches/b9c25e18/Real-Madrid-Athletic-Club-April-20-2025-La-Liga,,b9c25e18
32,Sun,2025-04-20,18:30,Sevilla,1.6,1–1,1.0,Alavés,36436,Estadio Ramón Sánchez Pizjuán,Miguel Ángel Ortiz Arias,/en/matches/be12049b/Sevilla-Alaves-April-20-2025-La-Liga,,be12049b
32,Sun,2025-04-20,14:00,Valladolid,1.9,2–3,2.3,Osasuna,12230,Estadio Municipal José Zorrilla,Jesús Gil,/en/matches/6b0f1761/Valladolid-Osasuna-April-20-2025-La-Liga,,6b0f1761
32,Sun,2025-04-20,16:15,Villarreal,1.9,2–2,1.7,Real Sociedad,17620,Estadio de la Cerámica,Guillermo Cuadra,/en/matches/46e117e0/Villarreal-Real-Sociedad-April-20-2025-La-Liga,,46e117e0
32,Mon,2025-04-21,21:00,Girona,1.1,1–3,1.7,Betis,12535,Estadi Municipal de Montilivi,Alejandro Hernández,/en/matches/0edcec5d/Girona-Real-Betis-April-21-2025-La-Liga,,0edcec5d
33,Tue,2025-04-22,21:30,Barcelona,3.3,1–0,0.3,Mallorca,45602,Estadi Olímpic Lluís Companys,Miguel Ángel Ortiz Arias,/en/matches/a71ce7d1/Barcelona-Mallorca-April-22-2025-La-Liga,,a71ce7d1
33,Tue,2025-04-22,19:00,Valencia,0.9,1–1,0.3,Espanyol,42448,Estadio de Mestalla,Juan Pulido,/en/matches/17125161/Valencia-Espanyol-April-22-2025-La-Liga,,17125161
33,Wed,2025-04-23,21:30,Alavés,0.6,1–0,0.8,Real Sociedad,17049,Estadio de Mendizorroza,Mateo Busquets,/en/matches/14a28e57/Alaves-Real-Sociedad-April-23-2025-La-Liga,,14a28e57
33,Wed,2025-04-23,19:00,Athletic Club,2.1,1–0,1.0,Las Palmas,47724,San Mamés,Isidro Díaz de Mera,/en/matches/60c208f0/Athletic-Club-Las-Palmas-April-23-2025-La-Liga,,60c208f0
33,Wed,2025-04-23,19:00,Celta Vigo,2.7,3–0,0.4,Villarreal,19324,Estadio Abanca Balaídos,Javier Alberola,/en/matches/291cfd49/Celta-Vigo-Villarreal-April-23-2025-La-Liga,,291cfd49
33,Wed,2025-04-23,21:30,Getafe,2.3,0–1,1.5,Real Madrid,15184,Coliseum Alfonso Pérez,Jose Maria Sánchez,/en/matches/5ae33594/Getafe-Real-Madrid-April-23-2025-La-Liga,,5ae33594
33,Thu,2025-04-24,21:30,Atlético Madrid,2.3,3–0,0.7,Rayo Vallecano,49410,Riyadh Air Metropolitan Stadium,Pablo González,/en/matches/a5ffdc50/Atletico-Madrid-Rayo-Vallecano-April-24-2025-La-Liga,,a5ffdc50
33,Thu,2025-04-24,21:30,Betis,1.9,5–1,0.9,Valladolid,46458,Estadio Benito Villamarín,Francisco Hernández,/en/matches/f880625e/Real-Betis-Valladolid-April-24-2025-La-Liga,,f880625e
33,Thu,2025-04-24,19:00,Leganés,0.3,1–1,0.5,Girona,11595,Estadio Municipal de Butarque,José Luis Munuera,/en/matches/124ad510/Leganes-Girona-April-24-2025-La-Liga,,124ad510
33,Thu,2025-04-24,19:00,Osasuna,0.3,1–0,1.1,Sevilla,20555,Estadio El Sadar,Adrián Cordero,/en/matches/3438a56b/Osasuna-Sevilla-April-24-2025-La-Liga,,3438a56b
26,Sun,2025-04-27,16:15,Villarreal,1.4,1–0,1.0,Espanyol,17236,Estadio de la Cerámica,José Luis Munuera,/en/matches/50b976fc/Villarreal-Espanyol-April-27-2025-La-Liga,,50b976fc
34,Fri,2025-05-02,21:00,Rayo Vallecano,1.2,1–0,0.9,Getafe,11648,Campo de Fútbol de Vallecas,Víctor García,/en/matches/1ca7012a/Rayo-Vallecano-Getafe-May-2-2025-La-Liga,,1ca7012a
34,Sat,2025-05-03,14:00,Alavés,0.5,0–0,0.5,Atlético Madrid,18117,Estadio de Mendizorroza,Juan Martínez,/en/matches/7c70cc19/Alaves-Atletico-Madrid-May-3-2025-La-Liga,,7c70cc19
34,Sat,2025-05-03,17:30,Las Palmas,1.7,2–3,1.4,Valencia,24942,Estadio de Gran Canaria,Ricardo de Burgos,/en/matches/bc2261f6/Las-Palmas-Valencia-May-3-2025-La-Liga,,bc2261f6
34,Sat,2025-05-03,21:00,Valladolid,0.6,1–2,1.9,Barcelona,23967,Estadio Municipal José Zorrilla,Alejandro Muñíz,/en/matches/af94853a/Valladolid-Barcelona-May-3-2025-La-Liga,,af94853a
34,Sat,2025-05-03,16:15,Villarreal,2.2,4–2,1.2,Osasuna,17147,Estadio de la Cerámica,Alejandro Quintero,/en/matches/6b5549c2/Villarreal-Osasuna-May-3-2025-La-Liga,,6b5549c2
34,Sun,2025-05-04,18:30,Espanyol,1.2,1–2,1.1,Betis,29126,RCDE Stadium,Guillermo Cuadra,/en/matches/be0ab7a4/Espanyol-Real-Betis-May-4-2025-La-Liga,,be0ab7a4
34,Sun,2025-05-04,14:00,Real Madrid,2.2,3–2,1.8,Celta Vigo,67661,Estadio Santiago Bernabéu,Jesús Gil,/en/matches/08e02efc/Real-Madrid-Celta-Vigo-May-4-2025-La-Liga,,08e02efc
34,Sun,2025-05-04,21:00,Real Sociedad,0.9,0–0,0.2,Athletic Club,36058,Reale Arena,César Soto,/en/matches/e0d46d97/Real-Sociedad-Athletic-Club-May-4-2025-La-Liga,,e0d46d97
34,Sun,2025-05-04,16:15,Sevilla,2.7,2–2,0.6,Leganés,35495,Estadio Ramón Sánchez Pizjuán,Alejandro Hernández,/en/matches/2c94bff7/Sevilla-Leganes-May-4-2025-La-Liga,,2c94bff7
34,Mon,2025-05-05,21:00,Girona,1.3,1–0,0.5,Mallorca,7721,Estadi Municipal de Montilivi,Mario Melero,/en/matches/45dbbb22/Girona-Mallorca-May-5-2025-La-Liga,,45dbbb22
35,Fri,2025-05-09,20:00,Las Palmas,0.7,0–1,1.2,Rayo Vallecano,20577,Estadio de Gran Canaria,Francisco Hernández,/en/matches/ce67853a/Las-Palmas-Rayo-Vallecano-May-9-2025-La-Liga,,ce67853a
35,Sat,2025-05-10,21:00,Atlético Madrid,1.4,4–0,0.6,Real Sociedad,59612,Riyadh Air Metropolitan Stadium,Jose Maria Sánchez,/en/matches/dfd588e7/Atletico-Madrid-Real-Sociedad-May-10-2025-La-Liga,,dfd588e7
35,Sat,2025-05-10,16:15,Celta Vigo,0.9,3–2,2.3,Sevilla,20281,Estadio Abanca Balaídos,Pablo González,/en/matches/3537bd55/Celta-Vigo-Sevilla-May-10-2025-La-Liga,,3537bd55
35,Sat,2025-05-10,18:30,Girona,0.2,0–1,2.0,Villarreal,12011,Estadi Municipal de Montilivi,Isidro Díaz de Mera,/en/matches/bf02d20b/Girona-Villarreal-May-10-2025-La-Liga,,bf02d20b
35,Sat,2025-05-10,18:30,Mallorca,1.0,2–1,1.8,Valladolid,16018,Estadi Mallorca Son Moix,Juan Pulido,/en/matches/e7540b3e/Mallorca-Valladolid-May-10-2025-La-Liga,,e7540b3e
35,Sat,2025-05-10,14:00,Valencia,2.7,3–0,0.5,Getafe,43357,Estadio de Mestalla,Adrián Cordero,/en/matches/ed775615/Valencia-Getafe-May-10-2025-La-Liga,,ed775615
35,Sun,2025-05-11,18:30,Athletic Club,1.3,1–0,0.4,Alavés,47947,San Mamés,José Luis Munuera,/en/matches/c89b7f67/Athletic-Club-Alaves-May-11-2025-La-Liga,,c89b7f67
35,Sun,2025-05-11,16:15,Barcelona,4.2,4–3,2.7,Real Madrid,50319,Estadi Olímpic Lluís Companys,Alejandro Hernández,/en/matches/f1804d9c/El-Clasico-Barcelona-Real-Madrid-May-11-2025-La-Liga,,f1804d9c
35,Sun,2025-05-11,21:00,Betis,0.4,1–1,2.0,Osasuna,52839,Estadio Benito Villamarín,Miguel Ángel Ortiz Arias,/en/matches/05130dc3/Real-Betis-Osasuna-May-11-2025-La-Liga,,05130dc3
35,Sun,2025-05-11,14:00,Leganés,1.5,3–2,1.2,Espanyol,11669,Estadio Municipal de Butarque,Javier Alberola,/en/matches/f2459bac/Leganes-Espanyol-May-11-2025-La-Liga,,f2459bac
36,Tue,2025-05-13,20:00,Real Sociedad,1.7,0–1,1.1,Celta Vigo,25124,Reale Arena,Víctor García,/en/matches/c38bd41c/Real-Sociedad-Celta-Vigo-May-13-2025-La-Liga,,c38bd41c
36,Tue,2025-05-13,21:30,Sevilla,1.3,1–0,0.5,Las Palmas,37078,Estadio Ramón Sánchez Pizjuán,Juan Martínez,/en/matches/0bb2b5ef/Sevilla-Las-Palmas-May-13-2025-La-Liga,,0bb2b5ef
36,Tue,2025-05-13,19:00,Valladolid,0.9,0–1,1.4,Girona,12664,Estadio Municipal José Zorrilla,Alejandro Quintero,/en/matches/336bf51e/Valladolid-Girona-May-13-2025-La-Liga,,336bf51e
36,Wed,2025-05-14,19:00,Alavés,1.8,1–0,0.8,Valencia,17626,Estadio de Mendizorroza,Jesús Gil,/en/matches/a0128620/Alaves-Valencia-May-14-2025-La-Liga,,a0128620
36,Wed,2025-05-14,21:30,Real Madrid,2.6,2–1,0.5,Mallorca,60753,Estadio Santiago Bernabéu,Javier Alberola,/en/matches/1838bcd7/Real-Madrid-Mallorca-May-14-2025-La-Liga,,1838bcd7
36,Wed,2025-05-14,19:00,Villarreal,1.6,3–0,1.1,Leganés,17067,Estadio de la Cerámica,Ricardo de Burgos,/en/matches/b14bf95b/Villarreal-Leganes-May-14-2025-La-Liga,,b14bf95b
36,Thu,2025-05-15,21:30,Espanyol,1.4,0–2,0.6,Barcelona,34283,RCDE Stadium,César Soto,/en/matches/45f486b1/Espanyol-Barcelona-May-15-2025-La-Liga,,45f486b1
36,Thu,2025-05-15,21:30,Getafe,0.4,0–2,1.2,Athletic Club,11564,Coliseum Alfonso Pérez,Guillermo Cuadra,/en/matches/535ec951/Getafe-Athletic-Club-May-15-2025-La-Liga,,535ec951
36,Thu,2025-05-15,19:00,Osasuna,0.6,2–0,1.4,Atlético Madrid,21171,Estadio El Sadar,Mario Melero,/en/matches/ab452039/Osasuna-Atletico-Madrid-May-15-2025-La-Liga,,ab452039
36,Thu,2025-05-15,19:00,Rayo Vallecano,1.2,2–2,1.2,Betis,13480,Campo de Fútbol de Vallecas,Pablo González,/en/matches/54538ff7/Rayo-Vallecano-Real-Betis-May-15-2025-La-Liga,,54538ff7
37,Sun,2025-05-18,19:00,Atlético Madrid,4.8,4–1,0.9,Betis,62269,Riyadh Air Metropolitan Stadium,Adrián Cordero,/en/matches/07f29baa/Atletico-Madrid-Real-Betis-May-18-2025-La-Liga,,07f29baa
37,Sun,2025-05-18,19:00,Barcelona,1.4,2–3,1.8,Villarreal,49558,Estadi Olímpic Lluís Companys,José Luis Munuera,/en/matches/db2637b7/Barcelona-Villarreal-May-18-2025-La-Liga,,db2637b7
37,Sun,2025-05-18,19:00,Celta Vigo,2.4,1–2,1.2,Rayo Vallecano,21482,Estadio Abanca Balaídos,Juan Pulido,/en/matches/1716ac24/Celta-Vigo-Rayo-Vallecano-May-18-2025-La-Liga,,1716ac24
37,Sun,2025-05-18,18:00,Las Palmas,0.6,0–1,1.5,Leganés,11279,Estadio de Gran Canaria,Jose Maria Sánchez,/en/matches/766b10ee/Las-Palmas-Leganes-May-18-2025-La-Liga,,766b10ee
37,Sun,2025-05-18,19:00,Mallorca,0.4,1–2,1.6,Getafe,18124,Estadi Mallorca Son Moix,Alejandro Hernández,/en/matches/05c5e52d/Mallorca-Getafe-May-18-2025-La-Liga,,05c5e52d
37,Sun,2025-05-18,19:00,Osasuna,1.2,2–0,0.7,Espanyol,21131,Estadio El Sadar,Francisco Hernández,/en/matches/e176243c/Osasuna-Espanyol-May-18-2025-La-Liga,,e176243c
37,Sun,2025-05-18,19:00,Real Sociedad,2.0,3–2,2.3,Girona,28315,Reale Arena,Miguel Ángel Ortiz Arias,/en/matches/1c29483b/Real-Sociedad-Girona-May-18-2025-La-Liga,,1c29483b
37,Sun,2025-05-18,19:00,Sevilla,0.5,0–2,2.0,Real Madrid,32500,Estadio Ramón Sánchez Pizjuán,Mateo Busquets,/en/matches/cde582d4/Sevilla-Real-Madrid-May-18-2025-La-Liga,,cde582d4
37,Sun,2025-05-18,19:00,Valencia,0.4,0–1,1.1,Athletic Club,45641,Estadio de Mestalla,Alejandro Muñíz,/en/matches/e69b0060/Valencia-Athletic-Club-May-18-2025-La-Liga,,e69b0060
37,Sun,2025-05-18,19:00,Valladolid,1.6,0–1,1.4,Alavés,14506,Estadio Municipal José Zorrilla,Isidro Díaz de Mera,/en/matches/89b88d0b/Valladolid-Alaves-May-18-2025-La-Liga,,89b88d0b
38,Fri,2025-05-23,21:00,Betis,0.9,1–1,0.7,Valencia,51141,Estadio Benito Villamarín,Víctor García,/en/matches/a1ad64bb/Real-Betis-Valencia-May-23-2025-La-Liga,,a1ad64bb
38,Sat,2025-05-24,21:00,Alavés,2.0,1–1,1.6,Osasuna,19274,Estadio de Mendizorroza,Guillermo Cuadra,/en/matches/ed820dc1/Alaves-Osasuna-May-24-2025-La-Liga,,ed820dc1
38,Sat,2025-05-24,18:30,Espanyol,2.0,2–0,0.5,Las Palmas,32511,RCDE Stadium,Alejandro Muñíz,/en/matches/858bd9c5/Espanyol-Las-Palmas-May-24-2025-La-Liga,,858bd9c5
38,Sat,2025-05-24,21:00,Getafe,0.4,1–2,1.5,Celta Vigo,12862,Coliseum Alfonso Pérez,Juan Martínez,/en/matches/4303125c/Getafe-Celta-Vigo-May-24-2025-La-Liga,,4303125c
38,Sat,2025-05-24,18:30,Leganés,2.1,3–0,0.4,Valladolid,11523,Estadio Municipal de Butarque,César Soto,/en/matches/12536c9f/Leganes-Valladolid-May-24-2025-La-Liga,,12536c9f
38,Sat,2025-05-24,21:00,Rayo Vallecano,2.2,0–0,0.6,Mallorca,13854,Campo de Fútbol de Vallecas,Ricardo de Burgos,/en/matches/fa808cc1/Rayo-Vallecano-Mallorca-May-24-2025-La-Liga,,fa808cc1
38,Sat,2025-05-24,16:15,Real Madrid,2.6,2–0,0.8,Real Sociedad,73186,Estadio Santiago Bernabéu,Mario Melero,/en/matches/14179de8/Real-Madrid-Real-Sociedad-May-24-2025-La-Liga,,14179de8
38,Sun,2025-05-25,21:00,Athletic Club,1.2,0–3,3.5,Barcelona,50231,San Mamés,Pablo González,/en/matches/20bdd334/Athletic-Club-Barcelona-May-25-2025-La-Liga,,20bdd334
38,Sun,2025-05-25,14:00,Girona,0.0,0–4,2.7,Atlético Madrid,11546,Estadi Municipal de Montilivi,Jesús Gil,/en/matches/cb8011f0/Girona-Atletico-Madrid-May-25-2025-La-Liga,,cb8011f0
38,Sun,2025-05-25,16:15,Villarreal,1.1,4–2,1.5,Sevilla,17758,Estadio de la Cerámica,Javier Alberola,/en/matches/b724ff67/Villarreal-Sevilla-May-25-2025-La-Liga,,b724ff67
